rate_id,fleet_id,vehicle_type_id,booking_type,daily_rate_pkr,hourly_rate_pkr,km_rate_pkr,outstation_mult,night_surcharge_pct,airport_surcharge_pkr,security_deposit_pkr,min_hours,cancellation_fee_pct,fuel_included,driver_included,effective_from,effective_to
RC000001,FL001,VT001,City Ride,3764.0,400,12,1.2,10,4000,10000,4,15,False,False,2022-01-01,2026-12-31
RC000002,FL001,VT001,Airport Transfer,4594.0,400,12,1.2,10,4000,10000,4,15,False,True,2022-01-01,2026-12-31
RC000003,FL001,VT001,Intercity,4779.0,400,12,1.2,10,4000,10000,4,15,False,True,2022-01-01,2026-12-31
RC000004,FL001,VT001,Wedding,5271.0,400,12,1.2,10,4000,10000,4,15,False,True,2022-01-01,2026-12-31
RC000005,FL001,VT001,Corporate,4097.0,400,12,1.2,10,4000,10000,4,15,False,True,2022-01-01,2026-12-31
RC000006,FL001,VT001,Tourism / Northern Areas,5008.0,400,12,1.2,10,4000,10000,4,15,False,True,2022-01-01,2026-12-31
RC000007,FL001,VT001,Monthly Contract,3156.0,400,12,1.2,10,4000,10000,4,15,False,True,2022-01-01,2026-12-31
RC000008,FL001,VT001,Event,4513.0,400,12,1.2,10,4000,10000,4,15,False,True,2022-01-01,2026-12-31
RC000009,FL001,VT002,City Ride,5075.0,500,14,1.2,10,4000,15000,4,15,False,False,2022-01-01,2026-12-31
RC000010,FL001,VT002,Airport Transfer,5039.0,500,14,1.2,10,4000,15000,4,15,False,True,2022-01-01,2026-12-31
RC000011,FL001,VT002,Intercity,6444.0,500,14,1.2,10,4000,15000,4,15,False,True,2022-01-01,2026-12-31
RC000012,FL001,VT002,Wedding,6549.0,500,14,1.2,10,4000,15000,4,15,False,True,2022-01-01,2026-12-31
RC000013,FL001,VT002,Corporate,5768.0,500,14,1.2,10,4000,15000,4,15,False,True,2022-01-01,2026-12-31
RC000014,FL001,VT002,Tourism / Northern Areas,6182.0,500,14,1.2,10,4000,15000,4,15,False,True,2022-01-01,2026-12-31
RC000015,FL001,VT002,Monthly Contract,4106.0,500,14,1.2,10,4000,15000,4,15,False,True,2022-01-01,2026-12-31
RC000016,FL001,VT002,Event,6314.0,500,14,1.2,10,4000,15000,4,15,False,True,2022-01-01,2026-12-31
RC000017,FL001,VT003,City Ride,7148.0,700,18,1.2,10,4000,20000,4,15,False,False,2022-01-01,2026-12-31
RC000018,FL001,VT003,Airport Transfer,8441.0,700,18,1.2,10,4000,20000,4,15,False,True,2022-01-01,2026-12-31
RC000019,FL001,VT003,Intercity,8477.0,700,18,1.2,10,4000,20000,4,15,False,True,2022-01-01,2026-12-31
RC000020,FL001,VT003,Wedding,7855.0,700,18,1.2,10,4000,20000,4,15,False,True,2022-01-01,2026-12-31
RC000021,FL001,VT003,Corporate,6929.0,700,18,1.2,10,4000,20000,4,15,False,True,2022-01-01,2026-12-31
RC000022,FL001,VT003,Tourism / Northern Areas,9624.0,700,18,1.2,10,4000,20000,4,15,False,True,2022-01-01,2026-12-31
RC000023,FL001,VT003,Monthly Contract,6706.0,700,18,1.2,10,4000,20000,4,15,False,True,2022-01-01,2026-12-31
RC000024,FL001,VT003,Event,10376.0,700,18,1.2,10,4000,20000,4,15,False,True,2022-01-01,2026-12-31
RC000025,FL001,VT004,City Ride,6212.0,650,17,1.2,10,4000,20000,4,15,False,False,2022-01-01,2026-12-31
RC000026,FL001,VT004,Airport Transfer,8315.0,650,17,1.2,10,4000,20000,4,15,False,True,2022-01-01,2026-12-31
RC000027,FL001,VT004,Intercity,8728.0,650,17,1.2,10,4000,20000,4,15,False,True,2022-01-01,2026-12-31
RC000028,FL001,VT004,Wedding,9176.0,650,17,1.2,10,4000,20000,4,15,False,True,2022-01-01,2026-12-31
RC000029,FL001,VT004,Corporate,6914.0,650,17,1.2,10,4000,20000,4,15,False,True,2022-01-01,2026-12-31
RC000030,FL001,VT004,Tourism / Northern Areas,8930.0,650,17,1.2,10,4000,20000,4,15,False,True,2022-01-01,2026-12-31
RC000031,FL001,VT004,Monthly Contract,5604.0,650,17,1.2,10,4000,20000,4,15,False,True,2022-01-01,2026-12-31
RC000032,FL001,VT004,Event,9437.0,650,17,1.2,10,4000,20000,4,15,False,True,2022-01-01,2026-12-31
RC000033,FL001,VT005,City Ride,9067.0,1000,22,1.2,10,4000,30000,4,15,False,False,2022-01-01,2026-12-31
RC000034,FL001,VT005,Airport Transfer,12402.0,1000,22,1.2,10,4000,30000,4,15,False,True,2022-01-01,2026-12-31
RC000035,FL001,VT005,Intercity,12154.0,1000,22,1.2,10,4000,30000,4,15,False,True,2022-01-01,2026-12-31
RC000036,FL001,VT005,Wedding,14695.0,1000,22,1.2,10,4000,30000,4,15,False,True,2022-01-01,2026-12-31
RC000037,FL001,VT005,Corporate,11926.0,1000,22,1.2,10,4000,30000,4,15,False,True,2022-01-01,2026-12-31
RC000038,FL001,VT005,Tourism / Northern Areas,11560.0,1000,22,1.2,10,4000,30000,4,15,False,True,2022-01-01,2026-12-31
RC000039,FL001,VT005,Monthly Contract,8461.0,1000,22,1.2,10,4000,30000,4,15,False,True,2022-01-01,2026-12-31
RC000040,FL001,VT005,Event,14200.0,1000,22,1.2,10,4000,30000,4,15,False,True,2022-01-01,2026-12-31
RC000041,FL001,VT006,City Ride,6712.0,800,20,1.2,10,4000,25000,4,15,False,False,2022-01-01,2026-12-31
RC000042,FL001,VT006,Airport Transfer,8379.0,800,20,1.2,10,4000,25000,4,15,False,True,2022-01-01,2026-12-31
RC000043,FL001,VT006,Intercity,7065.0,800,20,1.2,10,4000,25000,4,15,False,True,2022-01-01,2026-12-31
RC000044,FL001,VT006,Wedding,10193.0,800,20,1.2,10,4000,25000,4,15,False,True,2022-01-01,2026-12-31
RC000045,FL001,VT006,Corporate,7104.0,800,20,1.2,10,4000,25000,4,15,False,True,2022-01-01,2026-12-31
RC000046,FL001,VT006,Tourism / Northern Areas,7460.0,800,20,1.2,10,4000,25000,4,15,False,True,2022-01-01,2026-12-31
RC000047,FL001,VT006,Monthly Contract,5500.0,800,20,1.2,10,4000,25000,4,15,False,True,2022-01-01,2026-12-31
RC000048,FL001,VT006,Event,8572.0,800,20,1.2,10,4000,25000,4,15,False,True,2022-01-01,2026-12-31
RC000049,FL001,VT007,City Ride,13380.0,1200,28,1.2,10,4000,40000,4,15,False,False,2022-01-01,2026-12-31
RC000050,FL001,VT007,Airport Transfer,15279.0,1200,28,1.2,10,4000,40000,4,15,False,True,2022-01-01,2026-12-31
RC000051,FL001,VT007,Intercity,17093.0,1200,28,1.2,10,4000,40000,4,15,False,True,2022-01-01,2026-12-31
RC000052,FL001,VT007,Wedding,15895.0,1200,28,1.2,10,4000,40000,4,15,False,True,2022-01-01,2026-12-31
RC000053,FL001,VT007,Corporate,15103.0,1200,28,1.2,10,4000,40000,4,15,False,True,2022-01-01,2026-12-31
RC000054,FL001,VT007,Tourism / Northern Areas,14964.0,1200,28,1.2,10,4000,40000,4,15,False,True,2022-01-01,2026-12-31
RC000055,FL001,VT007,Monthly Contract,11177.0,1200,28,1.2,10,4000,40000,4,15,False,True,2022-01-01,2026-12-31
RC000056,FL001,VT007,Event,16218.0,1200,28,1.2,10,4000,40000,4,15,False,True,2022-01-01,2026-12-31
RC000057,FL001,VT008,City Ride,15405.0,1200,28,1.2,10,4000,40000,4,15,False,False,2022-01-01,2026-12-31
RC000058,FL001,VT008,Airport Transfer,13225.0,1200,28,1.2,10,4000,40000,4,15,False,True,2022-01-01,2026-12-31
RC000059,FL001,VT008,Intercity,16308.0,1200,28,1.2,10,4000,40000,4,15,False,True,2022-01-01,2026-12-31
RC000060,FL001,VT008,Wedding,15600.0,1200,28,1.2,10,4000,40000,4,15,False,True,2022-01-01,2026-12-31
RC000061,FL001,VT008,Corporate,16282.0,1200,28,1.2,10,4000,40000,4,15,False,True,2022-01-01,2026-12-31
RC000062,FL001,VT008,Tourism / Northern Areas,17174.0,1200,28,1.2,10,4000,40000,4,15,False,True,2022-01-01,2026-12-31
RC000063,FL001,VT008,Monthly Contract,9272.0,1200,28,1.2,10,4000,40000,4,15,False,True,2022-01-01,2026-12-31
RC000064,FL001,VT008,Event,14700.0,1200,28,1.2,10,4000,40000,4,15,False,True,2022-01-01,2026-12-31
RC000065,FL001,VT009,City Ride,18482.0,1800,35,1.2,10,4000,50000,4,15,False,False,2022-01-01,2026-12-31
RC000066,FL001,VT009,Airport Transfer,21476.0,1800,35,1.2,10,4000,50000,4,15,False,True,2022-01-01,2026-12-31
RC000067,FL001,VT009,Intercity,19569.0,1800,35,1.2,10,4000,50000,4,15,False,True,2022-01-01,2026-12-31
RC000068,FL001,VT009,Wedding,22027.0,1800,35,1.2,10,4000,50000,4,15,False,True,2022-01-01,2026-12-31
RC000069,FL001,VT009,Corporate,18421.0,1800,35,1.2,10,4000,50000,4,15,False,True,2022-01-01,2026-12-31
RC000070,FL001,VT009,Tourism / Northern Areas,22133.0,1800,35,1.2,10,4000,50000,4,15,False,True,2022-01-01,2026-12-31
RC000071,FL001,VT009,Monthly Contract,14157.0,1800,35,1.2,10,4000,50000,4,15,False,True,2022-01-01,2026-12-31
RC000072,FL001,VT009,Event,20640.0,1800,35,1.2,10,4000,50000,4,15,False,True,2022-01-01,2026-12-31
RC000073,FL001,VT010,City Ride,18662.0,2000,38,1.2,10,4000,55000,4,15,False,False,2022-01-01,2026-12-31
RC000074,FL001,VT010,Airport Transfer,23388.0,2000,38,1.2,10,4000,55000,4,15,False,True,2022-01-01,2026-12-31
RC000075,FL001,VT010,Intercity,23693.0,2000,38,1.2,10,4000,55000,4,15,False,True,2022-01-01,2026-12-31
RC000076,FL001,VT010,Wedding,24061.0,2000,38,1.2,10,4000,55000,4,15,False,True,2022-01-01,2026-12-31
RC000077,FL001,VT010,Corporate,20629.0,2000,38,1.2,10,4000,55000,4,15,False,True,2022-01-01,2026-12-31
RC000078,FL001,VT010,Tourism / Northern Areas,24220.0,2000,38,1.2,10,4000,55000,4,15,False,True,2022-01-01,2026-12-31
RC000079,FL001,VT010,Monthly Contract,15003.0,2000,38,1.2,10,4000,55000,4,15,False,True,2022-01-01,2026-12-31
RC000080,FL001,VT010,Event,24877.0,2000,38,1.2,10,4000,55000,4,15,False,True,2022-01-01,2026-12-31
RC000081,FL001,VT011,City Ride,23992.0,2500,50,1.2,10,4000,80000,4,15,False,False,2022-01-01,2026-12-31
RC000082,FL001,VT011,Airport Transfer,27792.0,2500,50,1.2,10,4000,80000,4,15,False,True,2022-01-01,2026-12-31
RC000083,FL001,VT011,Intercity,30092.0,2500,50,1.2,10,4000,80000,4,15,False,True,2022-01-01,2026-12-31
RC000084,FL001,VT011,Wedding,31443.0,2500,50,1.2,10,4000,80000,4,15,False,True,2022-01-01,2026-12-31
RC000085,FL001,VT011,Corporate,25718.0,2500,50,1.2,10,4000,80000,4,15,False,True,2022-01-01,2026-12-31
RC000086,FL001,VT011,Tourism / Northern Areas,28476.0,2500,50,1.2,10,4000,80000,4,15,False,True,2022-01-01,2026-12-31
RC000087,FL001,VT011,Monthly Contract,19232.0,2500,50,1.2,10,4000,80000,4,15,False,True,2022-01-01,2026-12-31
RC000088,FL001,VT011,Event,33085.0,2500,50,1.2,10,4000,80000,4,15,False,True,2022-01-01,2026-12-31
RC000089,FL001,VT012,City Ride,30996.0,3500,70,1.2,10,4000,100000,4,15,False,False,2022-01-01,2026-12-31
RC000090,FL001,VT012,Airport Transfer,39999.0,3500,70,1.2,10,4000,100000,4,15,False,True,2022-01-01,2026-12-31
RC000091,FL001,VT012,Intercity,30094.0,3500,70,1.2,10,4000,100000,4,15,False,True,2022-01-01,2026-12-31
RC000092,FL001,VT012,Wedding,32323.0,3500,70,1.2,10,4000,100000,4,15,False,True,2022-01-01,2026-12-31
RC000093,FL001,VT012,Corporate,30528.0,3500,70,1.2,10,4000,100000,4,15,False,True,2022-01-01,2026-12-31
RC000094,FL001,VT012,Tourism / Northern Areas,39209.0,3500,70,1.2,10,4000,100000,4,15,False,True,2022-01-01,2026-12-31
RC000095,FL001,VT012,Monthly Contract,27322.0,3500,70,1.2,10,4000,100000,4,15,False,True,2022-01-01,2026-12-31
RC000096,FL001,VT012,Event,42914.0,3500,70,1.2,10,4000,100000,4,15,False,True,2022-01-01,2026-12-31
RC000097,FL001,VT013,City Ride,29935.0,3000,60,1.2,10,4000,100000,4,15,False,False,2022-01-01,2026-12-31
RC000098,FL001,VT013,Airport Transfer,36558.0,3000,60,1.2,10,4000,100000,4,15,False,True,2022-01-01,2026-12-31
RC000099,FL001,VT013,Intercity,34773.0,3000,60,1.2,10,4000,100000,4,15,False,True,2022-01-01,2026-12-31
RC000100,FL001,VT013,Wedding,36055.0,3000,60,1.2,10,4000,100000,4,15,False,True,2022-01-01,2026-12-31
RC000101,FL001,VT013,Corporate,32566.0,3000,60,1.2,10,4000,100000,4,15,False,True,2022-01-01,2026-12-31
RC000102,FL001,VT013,Tourism / Northern Areas,37513.0,3000,60,1.2,10,4000,100000,4,15,False,True,2022-01-01,2026-12-31
RC000103,FL001,VT013,Monthly Contract,21603.0,3000,60,1.2,10,4000,100000,4,15,False,True,2022-01-01,2026-12-31
RC000104,FL001,VT013,Event,40211.0,3000,60,1.2,10,4000,100000,4,15,False,True,2022-01-01,2026-12-31
RC000105,FL001,VT014,City Ride,78780.0,5000,80,1.2,10,4000,150000,4,15,False,False,2022-01-01,2026-12-31
RC000106,FL001,VT014,Airport Transfer,81929.0,5000,80,1.2,10,4000,150000,4,15,False,True,2022-01-01,2026-12-31
RC000107,FL001,VT014,Intercity,82561.0,5000,80,1.2,10,4000,150000,4,15,False,True,2022-01-01,2026-12-31
RC000108,FL001,VT014,Wedding,50358.0,5000,80,1.2,10,4000,150000,4,15,False,True,2022-01-01,2026-12-31
RC000109,FL001,VT014,Corporate,36896.0,5000,80,1.2,10,4000,150000,4,15,False,True,2022-01-01,2026-12-31
RC000110,FL001,VT014,Tourism / Northern Areas,80266.0,5000,80,1.2,10,4000,150000,4,15,False,True,2022-01-01,2026-12-31
RC000111,FL001,VT014,Monthly Contract,44869.0,5000,80,1.2,10,4000,150000,4,15,False,True,2022-01-01,2026-12-31
RC000112,FL001,VT014,Event,85899.0,5000,80,1.2,10,4000,150000,4,15,False,True,2022-01-01,2026-12-31
RC000113,FL001,VT015,City Ride,143463.0,12000,200,1.2,10,4000,300000,4,15,False,False,2022-01-01,2026-12-31
RC000114,FL001,VT015,Airport Transfer,155888.0,12000,200,1.2,10,4000,300000,4,15,False,True,2022-01-01,2026-12-31
RC000115,FL001,VT015,Intercity,116060.0,12000,200,1.2,10,4000,300000,4,15,False,True,2022-01-01,2026-12-31
RC000116,FL001,VT015,Wedding,196753.0,12000,200,1.2,10,4000,300000,4,15,False,True,2022-01-01,2026-12-31
RC000117,FL001,VT015,Corporate,128936.0,12000,200,1.2,10,4000,300000,4,15,False,True,2022-01-01,2026-12-31
RC000118,FL001,VT015,Tourism / Northern Areas,122572.0,12000,200,1.2,10,4000,300000,4,15,False,True,2022-01-01,2026-12-31
RC000119,FL001,VT015,Monthly Contract,94452.0,12000,200,1.2,10,4000,300000,4,15,False,True,2022-01-01,2026-12-31
RC000120,FL001,VT015,Event,145111.0,12000,200,1.2,10,4000,300000,4,15,False,True,2022-01-01,2026-12-31
RC000121,FL001,VT016,City Ride,6939.0,600,15,1.2,10,4000,20000,4,15,False,False,2022-01-01,2026-12-31
RC000122,FL001,VT016,Airport Transfer,7080.0,600,15,1.2,10,4000,20000,4,15,False,True,2022-01-01,2026-12-31
RC000123,FL001,VT016,Intercity,7174.0,600,15,1.2,10,4000,20000,4,15,False,True,2022-01-01,2026-12-31
RC000124,FL001,VT016,Wedding,8288.0,600,15,1.2,10,4000,20000,4,15,False,True,2022-01-01,2026-12-31
RC000125,FL001,VT016,Corporate,5308.0,600,15,1.2,10,4000,20000,4,15,False,True,2022-01-01,2026-12-31
RC000126,FL001,VT016,Tourism / Northern Areas,8362.0,600,15,1.2,10,4000,20000,4,15,False,True,2022-01-01,2026-12-31
RC000127,FL001,VT016,Monthly Contract,4962.0,600,15,1.2,10,4000,20000,4,15,False,True,2022-01-01,2026-12-31
RC000128,FL001,VT016,Event,7286.0,600,15,1.2,10,4000,20000,4,15,False,True,2022-01-01,2026-12-31
RC000129,FL001,VT017,City Ride,12495.0,1100,25,1.2,10,4000,40000,4,15,False,False,2022-01-01,2026-12-31
RC000130,FL001,VT017,Airport Transfer,16216.0,1100,25,1.2,10,4000,40000,4,15,False,True,2022-01-01,2026-12-31
RC000131,FL001,VT017,Intercity,12444.0,1100,25,1.2,10,4000,40000,4,15,False,True,2022-01-01,2026-12-31
RC000132,FL001,VT017,Wedding,13035.0,1100,25,1.2,10,4000,40000,4,15,False,True,2022-01-01,2026-12-31
RC000133,FL001,VT017,Corporate,11338.0,1100,25,1.2,10,4000,40000,4,15,False,True,2022-01-01,2026-12-31
RC000134,FL001,VT017,Tourism / Northern Areas,16029.0,1100,25,1.2,10,4000,40000,4,15,False,True,2022-01-01,2026-12-31
RC000135,FL001,VT017,Monthly Contract,9094.0,1100,25,1.2,10,4000,40000,4,15,False,True,2022-01-01,2026-12-31
RC000136,FL001,VT017,Event,18108.0,1100,25,1.2,10,4000,40000,4,15,False,True,2022-01-01,2026-12-31
RC000137,FL001,VT018,City Ride,18077.0,1800,35,1.2,10,4000,50000,4,15,False,False,2022-01-01,2026-12-31
RC000138,FL001,VT018,Airport Transfer,17890.0,1800,35,1.2,10,4000,50000,4,15,False,True,2022-01-01,2026-12-31
RC000139,FL001,VT018,Intercity,18260.0,1800,35,1.2,10,4000,50000,4,15,False,True,2022-01-01,2026-12-31
RC000140,FL001,VT018,Wedding,23701.0,1800,35,1.2,10,4000,50000,4,15,False,True,2022-01-01,2026-12-31
RC000141,FL001,VT018,Corporate,16377.0,1800,35,1.2,10,4000,50000,4,15,False,True,2022-01-01,2026-12-31
RC000142,FL001,VT018,Tourism / Northern Areas,21613.0,1800,35,1.2,10,4000,50000,4,15,False,True,2022-01-01,2026-12-31
RC000143,FL001,VT018,Monthly Contract,12357.0,1800,35,1.2,10,4000,50000,4,15,False,True,2022-01-01,2026-12-31
RC000144,FL001,VT018,Event,21814.0,1800,35,1.2,10,4000,50000,4,15,False,True,2022-01-01,2026-12-31
RC000145,FL002,VT001,City Ride,3732.0,400,12,1.2,10,4000,10000,4,15,False,False,2022-01-01,2026-12-31
RC000146,FL002,VT001,Airport Transfer,5001.0,400,12,1.2,10,4000,10000,4,15,False,True,2022-01-01,2026-12-31
RC000147,FL002,VT001,Intercity,4244.0,400,12,1.2,10,4000,10000,4,15,False,True,2022-01-01,2026-12-31
RC000148,FL002,VT001,Wedding,4715.0,400,12,1.2,10,4000,10000,4,15,False,True,2022-01-01,2026-12-31
RC000149,FL002,VT001,Corporate,4867.0,400,12,1.2,10,4000,10000,4,15,False,True,2022-01-01,2026-12-31
RC000150,FL002,VT001,Tourism / Northern Areas,5991.0,400,12,1.2,10,4000,10000,4,15,False,True,2022-01-01,2026-12-31
RC000151,FL002,VT001,Monthly Contract,3093.0,400,12,1.2,10,4000,10000,4,15,False,True,2022-01-01,2026-12-31
RC000152,FL002,VT001,Event,5590.0,400,12,1.2,10,4000,10000,4,15,False,True,2022-01-01,2026-12-31
RC000153,FL002,VT002,City Ride,4940.0,500,14,1.2,10,4000,15000,4,15,False,False,2022-01-01,2026-12-31
RC000154,FL002,VT002,Airport Transfer,6397.0,500,14,1.2,10,4000,15000,4,15,False,True,2022-01-01,2026-12-31
RC000155,FL002,VT002,Intercity,5438.0,500,14,1.2,10,4000,15000,4,15,False,True,2022-01-01,2026-12-31
RC000156,FL002,VT002,Wedding,6564.0,500,14,1.2,10,4000,15000,4,15,False,True,2022-01-01,2026-12-31
RC000157,FL002,VT002,Corporate,4988.0,500,14,1.2,10,4000,15000,4,15,False,True,2022-01-01,2026-12-31
RC000158,FL002,VT002,Tourism / Northern Areas,7174.0,500,14,1.2,10,4000,15000,4,15,False,True,2022-01-01,2026-12-31
RC000159,FL002,VT002,Monthly Contract,3508.0,500,14,1.2,10,4000,15000,4,15,False,True,2022-01-01,2026-12-31
RC000160,FL002,VT002,Event,6674.0,500,14,1.2,10,4000,15000,4,15,False,True,2022-01-01,2026-12-31
RC000161,FL002,VT003,City Ride,6905.0,700,18,1.2,10,4000,20000,4,15,False,False,2022-01-01,2026-12-31
RC000162,FL002,VT003,Airport Transfer,9590.0,700,18,1.2,10,4000,20000,4,15,False,True,2022-01-01,2026-12-31
RC000163,FL002,VT003,Intercity,7345.0,700,18,1.2,10,4000,20000,4,15,False,True,2022-01-01,2026-12-31
RC000164,FL002,VT003,Wedding,7641.0,700,18,1.2,10,4000,20000,4,15,False,True,2022-01-01,2026-12-31
RC000165,FL002,VT003,Corporate,7762.0,700,18,1.2,10,4000,20000,4,15,False,True,2022-01-01,2026-12-31
RC000166,FL002,VT003,Tourism / Northern Areas,10367.0,700,18,1.2,10,4000,20000,4,15,False,True,2022-01-01,2026-12-31
RC000167,FL002,VT003,Monthly Contract,4321.0,700,18,1.2,10,4000,20000,4,15,False,True,2022-01-01,2026-12-31
RC000168,FL002,VT003,Event,6581.0,700,18,1.2,10,4000,20000,4,15,False,True,2022-01-01,2026-12-31
RC000169,FL002,VT004,City Ride,6469.0,650,17,1.2,10,4000,20000,4,15,False,False,2022-01-01,2026-12-31
RC000170,FL002,VT004,Airport Transfer,7580.0,650,17,1.2,10,4000,20000,4,15,False,True,2022-01-01,2026-12-31
RC000171,FL002,VT004,Intercity,8425.0,650,17,1.2,10,4000,20000,4,15,False,True,2022-01-01,2026-12-31
RC000172,FL002,VT004,Wedding,8107.0,650,17,1.2,10,4000,20000,4,15,False,True,2022-01-01,2026-12-31
RC000173,FL002,VT004,Corporate,6605.0,650,17,1.2,10,4000,20000,4,15,False,True,2022-01-01,2026-12-31
RC000174,FL002,VT004,Tourism / Northern Areas,9075.0,650,17,1.2,10,4000,20000,4,15,False,True,2022-01-01,2026-12-31
RC000175,FL002,VT004,Monthly Contract,4736.0,650,17,1.2,10,4000,20000,4,15,False,True,2022-01-01,2026-12-31
RC000176,FL002,VT004,Event,7467.0,650,17,1.2,10,4000,20000,4,15,False,True,2022-01-01,2026-12-31
RC000177,FL002,VT005,City Ride,10973.0,1000,22,1.2,10,4000,30000,4,15,False,False,2022-01-01,2026-12-31
RC000178,FL002,VT005,Airport Transfer,12942.0,1000,22,1.2,10,4000,30000,4,15,False,True,2022-01-01,2026-12-31
RC000179,FL002,VT005,Intercity,11481.0,1000,22,1.2,10,4000,30000,4,15,False,True,2022-01-01,2026-12-31
RC000180,FL002,VT005,Wedding,11474.0,1000,22,1.2,10,4000,30000,4,15,False,True,2022-01-01,2026-12-31
RC000181,FL002,VT005,Corporate,12223.0,1000,22,1.2,10,4000,30000,4,15,False,True,2022-01-01,2026-12-31
RC000182,FL002,VT005,Tourism / Northern Areas,13311.0,1000,22,1.2,10,4000,30000,4,15,False,True,2022-01-01,2026-12-31
RC000183,FL002,VT005,Monthly Contract,6769.0,1000,22,1.2,10,4000,30000,4,15,False,True,2022-01-01,2026-12-31
RC000184,FL002,VT005,Event,13573.0,1000,22,1.2,10,4000,30000,4,15,False,True,2022-01-01,2026-12-31
RC000185,FL002,VT006,City Ride,6599.0,800,20,1.2,10,4000,25000,4,15,False,False,2022-01-01,2026-12-31
RC000186,FL002,VT006,Airport Transfer,7784.0,800,20,1.2,10,4000,25000,4,15,False,True,2022-01-01,2026-12-31
RC000187,FL002,VT006,Intercity,7835.0,800,20,1.2,10,4000,25000,4,15,False,True,2022-01-01,2026-12-31
RC000188,FL002,VT006,Wedding,10295.0,800,20,1.2,10,4000,25000,4,15,False,True,2022-01-01,2026-12-31
RC000189,FL002,VT006,Corporate,7252.0,800,20,1.2,10,4000,25000,4,15,False,True,2022-01-01,2026-12-31
RC000190,FL002,VT006,Tourism / Northern Areas,8387.0,800,20,1.2,10,4000,25000,4,15,False,True,2022-01-01,2026-12-31
RC000191,FL002,VT006,Monthly Contract,5584.0,800,20,1.2,10,4000,25000,4,15,False,True,2022-01-01,2026-12-31
RC000192,FL002,VT006,Event,9317.0,800,20,1.2,10,4000,25000,4,15,False,True,2022-01-01,2026-12-31
RC000193,FL002,VT007,City Ride,12689.0,1200,28,1.2,10,4000,40000,4,15,False,False,2022-01-01,2026-12-31
RC000194,FL002,VT007,Airport Transfer,15149.0,1200,28,1.2,10,4000,40000,4,15,False,True,2022-01-01,2026-12-31
RC000195,FL002,VT007,Intercity,13829.0,1200,28,1.2,10,4000,40000,4,15,False,True,2022-01-01,2026-12-31
RC000196,FL002,VT007,Wedding,18543.0,1200,28,1.2,10,4000,40000,4,15,False,True,2022-01-01,2026-12-31
RC000197,FL002,VT007,Corporate,14100.0,1200,28,1.2,10,4000,40000,4,15,False,True,2022-01-01,2026-12-31
RC000198,FL002,VT007,Tourism / Northern Areas,15749.0,1200,28,1.2,10,4000,40000,4,15,False,True,2022-01-01,2026-12-31
RC000199,FL002,VT007,Monthly Contract,9807.0,1200,28,1.2,10,4000,40000,4,15,False,True,2022-01-01,2026-12-31
RC000200,FL002,VT007,Event,16848.0,1200,28,1.2,10,4000,40000,4,15,False,True,2022-01-01,2026-12-31
RC000201,FL002,VT008,City Ride,14257.0,1200,28,1.2,10,4000,40000,4,15,False,False,2022-01-01,2026-12-31
RC000202,FL002,VT008,Airport Transfer,15496.0,1200,28,1.2,10,4000,40000,4,15,False,True,2022-01-01,2026-12-31
RC000203,FL002,VT008,Intercity,17788.0,1200,28,1.2,10,4000,40000,4,15,False,True,2022-01-01,2026-12-31
RC000204,FL002,VT008,Wedding,17642.0,1200,28,1.2,10,4000,40000,4,15,False,True,2022-01-01,2026-12-31
RC000205,FL002,VT008,Corporate,14133.0,1200,28,1.2,10,4000,40000,4,15,False,True,2022-01-01,2026-12-31
RC000206,FL002,VT008,Tourism / Northern Areas,18738.0,1200,28,1.2,10,4000,40000,4,15,False,True,2022-01-01,2026-12-31
RC000207,FL002,VT008,Monthly Contract,11043.0,1200,28,1.2,10,4000,40000,4,15,False,True,2022-01-01,2026-12-31
RC000208,FL002,VT008,Event,15127.0,1200,28,1.2,10,4000,40000,4,15,False,True,2022-01-01,2026-12-31
RC000209,FL002,VT009,City Ride,16557.0,1800,35,1.2,10,4000,50000,4,15,False,False,2022-01-01,2026-12-31
RC000210,FL002,VT009,Airport Transfer,21009.0,1800,35,1.2,10,4000,50000,4,15,False,True,2022-01-01,2026-12-31
RC000211,FL002,VT009,Intercity,21046.0,1800,35,1.2,10,4000,50000,4,15,False,True,2022-01-01,2026-12-31
RC000212,FL002,VT009,Wedding,23951.0,1800,35,1.2,10,4000,50000,4,15,False,True,2022-01-01,2026-12-31
RC000213,FL002,VT009,Corporate,17920.0,1800,35,1.2,10,4000,50000,4,15,False,True,2022-01-01,2026-12-31
RC000214,FL002,VT009,Tourism / Northern Areas,22078.0,1800,35,1.2,10,4000,50000,4,15,False,True,2022-01-01,2026-12-31
RC000215,FL002,VT009,Monthly Contract,12634.0,1800,35,1.2,10,4000,50000,4,15,False,True,2022-01-01,2026-12-31
RC000216,FL002,VT009,Event,20707.0,1800,35,1.2,10,4000,50000,4,15,False,True,2022-01-01,2026-12-31
RC000217,FL002,VT010,City Ride,19470.0,2000,38,1.2,10,4000,55000,4,15,False,False,2022-01-01,2026-12-31
RC000218,FL002,VT010,Airport Transfer,23840.0,2000,38,1.2,10,4000,55000,4,15,False,True,2022-01-01,2026-12-31
RC000219,FL002,VT010,Intercity,23485.0,2000,38,1.2,10,4000,55000,4,15,False,True,2022-01-01,2026-12-31
RC000220,FL002,VT010,Wedding,21673.0,2000,38,1.2,10,4000,55000,4,15,False,True,2022-01-01,2026-12-31
RC000221,FL002,VT010,Corporate,19545.0,2000,38,1.2,10,4000,55000,4,15,False,True,2022-01-01,2026-12-31
RC000222,FL002,VT010,Tourism / Northern Areas,21362.0,2000,38,1.2,10,4000,55000,4,15,False,True,2022-01-01,2026-12-31
RC000223,FL002,VT010,Monthly Contract,15572.0,2000,38,1.2,10,4000,55000,4,15,False,True,2022-01-01,2026-12-31
RC000224,FL002,VT010,Event,21525.0,2000,38,1.2,10,4000,55000,4,15,False,True,2022-01-01,2026-12-31
RC000225,FL002,VT011,City Ride,26952.0,2500,50,1.2,10,4000,80000,4,15,False,False,2022-01-01,2026-12-31
RC000226,FL002,VT011,Airport Transfer,28056.0,2500,50,1.2,10,4000,80000,4,15,False,True,2022-01-01,2026-12-31
RC000227,FL002,VT011,Intercity,25955.0,2500,50,1.2,10,4000,80000,4,15,False,True,2022-01-01,2026-12-31
RC000228,FL002,VT011,Wedding,32345.0,2500,50,1.2,10,4000,80000,4,15,False,True,2022-01-01,2026-12-31
RC000229,FL002,VT011,Corporate,25824.0,2500,50,1.2,10,4000,80000,4,15,False,True,2022-01-01,2026-12-31
RC000230,FL002,VT011,Tourism / Northern Areas,28012.0,2500,50,1.2,10,4000,80000,4,15,False,True,2022-01-01,2026-12-31
RC000231,FL002,VT011,Monthly Contract,20259.0,2500,50,1.2,10,4000,80000,4,15,False,True,2022-01-01,2026-12-31
RC000232,FL002,VT011,Event,32765.0,2500,50,1.2,10,4000,80000,4,15,False,True,2022-01-01,2026-12-31
RC000233,FL002,VT012,City Ride,26632.0,3500,70,1.2,10,4000,100000,4,15,False,False,2022-01-01,2026-12-31
RC000234,FL002,VT012,Airport Transfer,29160.0,3500,70,1.2,10,4000,100000,4,15,False,True,2022-01-01,2026-12-31
RC000235,FL002,VT012,Intercity,37025.0,3500,70,1.2,10,4000,100000,4,15,False,True,2022-01-01,2026-12-31
RC000236,FL002,VT012,Wedding,35733.0,3500,70,1.2,10,4000,100000,4,15,False,True,2022-01-01,2026-12-31
RC000237,FL002,VT012,Corporate,32273.0,3500,70,1.2,10,4000,100000,4,15,False,True,2022-01-01,2026-12-31
RC000238,FL002,VT012,Tourism / Northern Areas,30673.0,3500,70,1.2,10,4000,100000,4,15,False,True,2022-01-01,2026-12-31
RC000239,FL002,VT012,Monthly Contract,24132.0,3500,70,1.2,10,4000,100000,4,15,False,True,2022-01-01,2026-12-31
RC000240,FL002,VT012,Event,33112.0,3500,70,1.2,10,4000,100000,4,15,False,True,2022-01-01,2026-12-31
RC000241,FL002,VT013,City Ride,31021.0,3000,60,1.2,10,4000,100000,4,15,False,False,2022-01-01,2026-12-31
RC000242,FL002,VT013,Airport Transfer,37510.0,3000,60,1.2,10,4000,100000,4,15,False,True,2022-01-01,2026-12-31
RC000243,FL002,VT013,Intercity,35453.0,3000,60,1.2,10,4000,100000,4,15,False,True,2022-01-01,2026-12-31
RC000244,FL002,VT013,Wedding,42237.0,3000,60,1.2,10,4000,100000,4,15,False,True,2022-01-01,2026-12-31
RC000245,FL002,VT013,Corporate,32820.0,3000,60,1.2,10,4000,100000,4,15,False,True,2022-01-01,2026-12-31
RC000246,FL002,VT013,Tourism / Northern Areas,40734.0,3000,60,1.2,10,4000,100000,4,15,False,True,2022-01-01,2026-12-31
RC000247,FL002,VT013,Monthly Contract,22384.0,3000,60,1.2,10,4000,100000,4,15,False,True,2022-01-01,2026-12-31
RC000248,FL002,VT013,Event,36376.0,3000,60,1.2,10,4000,100000,4,15,False,True,2022-01-01,2026-12-31
RC000249,FL002,VT014,City Ride,78051.0,5000,80,1.2,10,4000,150000,4,15,False,False,2022-01-01,2026-12-31
RC000250,FL002,VT014,Airport Transfer,51007.0,5000,80,1.2,10,4000,150000,4,15,False,True,2022-01-01,2026-12-31
RC000251,FL002,VT014,Intercity,69686.0,5000,80,1.2,10,4000,150000,4,15,False,True,2022-01-01,2026-12-31
RC000252,FL002,VT014,Wedding,71722.0,5000,80,1.2,10,4000,150000,4,15,False,True,2022-01-01,2026-12-31
RC000253,FL002,VT014,Corporate,48267.0,5000,80,1.2,10,4000,150000,4,15,False,True,2022-01-01,2026-12-31
RC000254,FL002,VT014,Tourism / Northern Areas,79858.0,5000,80,1.2,10,4000,150000,4,15,False,True,2022-01-01,2026-12-31
RC000255,FL002,VT014,Monthly Contract,29813.0,5000,80,1.2,10,4000,150000,4,15,False,True,2022-01-01,2026-12-31
RC000256,FL002,VT014,Event,80879.0,5000,80,1.2,10,4000,150000,4,15,False,True,2022-01-01,2026-12-31
RC000257,FL002,VT015,City Ride,100265.0,12000,200,1.2,10,4000,300000,4,15,False,False,2022-01-01,2026-12-31
RC000258,FL002,VT015,Airport Transfer,171101.0,12000,200,1.2,10,4000,300000,4,15,False,True,2022-01-01,2026-12-31
RC000259,FL002,VT015,Intercity,168682.0,12000,200,1.2,10,4000,300000,4,15,False,True,2022-01-01,2026-12-31
RC000260,FL002,VT015,Wedding,182011.0,12000,200,1.2,10,4000,300000,4,15,False,True,2022-01-01,2026-12-31
RC000261,FL002,VT015,Corporate,154258.0,12000,200,1.2,10,4000,300000,4,15,False,True,2022-01-01,2026-12-31
RC000262,FL002,VT015,Tourism / Northern Areas,137222.0,12000,200,1.2,10,4000,300000,4,15,False,True,2022-01-01,2026-12-31
RC000263,FL002,VT015,Monthly Contract,78227.0,12000,200,1.2,10,4000,300000,4,15,False,True,2022-01-01,2026-12-31
RC000264,FL002,VT015,Event,175783.0,12000,200,1.2,10,4000,300000,4,15,False,True,2022-01-01,2026-12-31
RC000265,FL002,VT016,City Ride,5098.0,600,15,1.2,10,4000,20000,4,15,False,False,2022-01-01,2026-12-31
RC000266,FL002,VT016,Airport Transfer,6066.0,600,15,1.2,10,4000,20000,4,15,False,True,2022-01-01,2026-12-31
RC000267,FL002,VT016,Intercity,7166.0,600,15,1.2,10,4000,20000,4,15,False,True,2022-01-01,2026-12-31
RC000268,FL002,VT016,Wedding,7438.0,600,15,1.2,10,4000,20000,4,15,False,True,2022-01-01,2026-12-31
RC000269,FL002,VT016,Corporate,6956.0,600,15,1.2,10,4000,20000,4,15,False,True,2022-01-01,2026-12-31
RC000270,FL002,VT016,Tourism / Northern Areas,8161.0,600,15,1.2,10,4000,20000,4,15,False,True,2022-01-01,2026-12-31
RC000271,FL002,VT016,Monthly Contract,4761.0,600,15,1.2,10,4000,20000,4,15,False,True,2022-01-01,2026-12-31
RC000272,FL002,VT016,Event,8167.0,600,15,1.2,10,4000,20000,4,15,False,True,2022-01-01,2026-12-31
RC000273,FL002,VT017,City Ride,10478.0,1100,25,1.2,10,4000,40000,4,15,False,False,2022-01-01,2026-12-31
RC000274,FL002,VT017,Airport Transfer,14679.0,1100,25,1.2,10,4000,40000,4,15,False,True,2022-01-01,2026-12-31
RC000275,FL002,VT017,Intercity,12155.0,1100,25,1.2,10,4000,40000,4,15,False,True,2022-01-01,2026-12-31
RC000276,FL002,VT017,Wedding,19562.0,1100,25,1.2,10,4000,40000,4,15,False,True,2022-01-01,2026-12-31
RC000277,FL002,VT017,Corporate,13630.0,1100,25,1.2,10,4000,40000,4,15,False,True,2022-01-01,2026-12-31
RC000278,FL002,VT017,Tourism / Northern Areas,16416.0,1100,25,1.2,10,4000,40000,4,15,False,True,2022-01-01,2026-12-31
RC000279,FL002,VT017,Monthly Contract,10204.0,1100,25,1.2,10,4000,40000,4,15,False,True,2022-01-01,2026-12-31
RC000280,FL002,VT017,Event,15156.0,1100,25,1.2,10,4000,40000,4,15,False,True,2022-01-01,2026-12-31
RC000281,FL002,VT018,City Ride,16142.0,1800,35,1.2,10,4000,50000,4,15,False,False,2022-01-01,2026-12-31
RC000282,FL002,VT018,Airport Transfer,17068.0,1800,35,1.2,10,4000,50000,4,15,False,True,2022-01-01,2026-12-31
RC000283,FL002,VT018,Intercity,18074.0,1800,35,1.2,10,4000,50000,4,15,False,True,2022-01-01,2026-12-31
RC000284,FL002,VT018,Wedding,24715.0,1800,35,1.2,10,4000,50000,4,15,False,True,2022-01-01,2026-12-31
RC000285,FL002,VT018,Corporate,18206.0,1800,35,1.2,10,4000,50000,4,15,False,True,2022-01-01,2026-12-31
RC000286,FL002,VT018,Tourism / Northern Areas,22281.0,1800,35,1.2,10,4000,50000,4,15,False,True,2022-01-01,2026-12-31
RC000287,FL002,VT018,Monthly Contract,11554.0,1800,35,1.2,10,4000,50000,4,15,False,True,2022-01-01,2026-12-31
RC000288,FL002,VT018,Event,18464.0,1800,35,1.2,10,4000,50000,4,15,False,True,2022-01-01,2026-12-31
RC000289,FL003,VT001,City Ride,3792.0,400,12,1.2,10,4000,10000,4,15,False,False,2022-01-01,2026-12-31
RC000290,FL003,VT001,Airport Transfer,4367.0,400,12,1.2,10,4000,10000,4,15,False,True,2022-01-01,2026-12-31
RC000291,FL003,VT001,Intercity,4292.0,400,12,1.2,10,4000,10000,4,15,False,True,2022-01-01,2026-12-31
RC000292,FL003,VT001,Wedding,5227.0,400,12,1.2,10,4000,10000,4,15,False,True,2022-01-01,2026-12-31
RC000293,FL003,VT001,Corporate,3719.0,400,12,1.2,10,4000,10000,4,15,False,True,2022-01-01,2026-12-31
RC000294,FL003,VT001,Tourism / Northern Areas,5329.0,400,12,1.2,10,4000,10000,4,15,False,True,2022-01-01,2026-12-31
RC000295,FL003,VT001,Monthly Contract,3571.0,400,12,1.2,10,4000,10000,4,15,False,True,2022-01-01,2026-12-31
RC000296,FL003,VT001,Event,4316.0,400,12,1.2,10,4000,10000,4,15,False,True,2022-01-01,2026-12-31
RC000297,FL003,VT002,City Ride,5076.0,500,14,1.2,10,4000,15000,4,15,False,False,2022-01-01,2026-12-31
RC000298,FL003,VT002,Airport Transfer,5040.0,500,14,1.2,10,4000,15000,4,15,False,True,2022-01-01,2026-12-31
RC000299,FL003,VT002,Intercity,6350.0,500,14,1.2,10,4000,15000,4,15,False,True,2022-01-01,2026-12-31
RC000300,FL003,VT002,Wedding,6175.0,500,14,1.2,10,4000,15000,4,15,False,True,2022-01-01,2026-12-31
RC000301,FL003,VT002,Corporate,5846.0,500,14,1.2,10,4000,15000,4,15,False,True,2022-01-01,2026-12-31
RC000302,FL003,VT002,Tourism / Northern Areas,5897.0,500,14,1.2,10,4000,15000,4,15,False,True,2022-01-01,2026-12-31
RC000303,FL003,VT002,Monthly Contract,4080.0,500,14,1.2,10,4000,15000,4,15,False,True,2022-01-01,2026-12-31
RC000304,FL003,VT002,Event,6152.0,500,14,1.2,10,4000,15000,4,15,False,True,2022-01-01,2026-12-31
RC000305,FL003,VT003,City Ride,7212.0,700,18,1.2,10,4000,20000,4,15,False,False,2022-01-01,2026-12-31
RC000306,FL003,VT003,Airport Transfer,5709.0,700,18,1.2,10,4000,20000,4,15,False,True,2022-01-01,2026-12-31
RC000307,FL003,VT003,Intercity,8791.0,700,18,1.2,10,4000,20000,4,15,False,True,2022-01-01,2026-12-31
RC000308,FL003,VT003,Wedding,8207.0,700,18,1.2,10,4000,20000,4,15,False,True,2022-01-01,2026-12-31
RC000309,FL003,VT003,Corporate,6335.0,700,18,1.2,10,4000,20000,4,15,False,True,2022-01-01,2026-12-31
RC000310,FL003,VT003,Tourism / Northern Areas,6578.0,700,18,1.2,10,4000,20000,4,15,False,True,2022-01-01,2026-12-31
RC000311,FL003,VT003,Monthly Contract,4364.0,700,18,1.2,10,4000,20000,4,15,False,True,2022-01-01,2026-12-31
RC000312,FL003,VT003,Event,7386.0,700,18,1.2,10,4000,20000,4,15,False,True,2022-01-01,2026-12-31
RC000313,FL003,VT004,City Ride,7156.0,650,17,1.2,10,4000,20000,4,15,False,False,2022-01-01,2026-12-31
RC000314,FL003,VT004,Airport Transfer,8492.0,650,17,1.2,10,4000,20000,4,15,False,True,2022-01-01,2026-12-31
RC000315,FL003,VT004,Intercity,7506.0,650,17,1.2,10,4000,20000,4,15,False,True,2022-01-01,2026-12-31
RC000316,FL003,VT004,Wedding,9112.0,650,17,1.2,10,4000,20000,4,15,False,True,2022-01-01,2026-12-31
RC000317,FL003,VT004,Corporate,7309.0,650,17,1.2,10,4000,20000,4,15,False,True,2022-01-01,2026-12-31
RC000318,FL003,VT004,Tourism / Northern Areas,8320.0,650,17,1.2,10,4000,20000,4,15,False,True,2022-01-01,2026-12-31
RC000319,FL003,VT004,Monthly Contract,5833.0,650,17,1.2,10,4000,20000,4,15,False,True,2022-01-01,2026-12-31
RC000320,FL003,VT004,Event,9474.0,650,17,1.2,10,4000,20000,4,15,False,True,2022-01-01,2026-12-31
RC000321,FL003,VT005,City Ride,11145.0,1000,22,1.2,10,4000,30000,4,15,False,False,2022-01-01,2026-12-31
RC000322,FL003,VT005,Airport Transfer,12817.0,1000,22,1.2,10,4000,30000,4,15,False,True,2022-01-01,2026-12-31
RC000323,FL003,VT005,Intercity,12886.0,1000,22,1.2,10,4000,30000,4,15,False,True,2022-01-01,2026-12-31
RC000324,FL003,VT005,Wedding,14016.0,1000,22,1.2,10,4000,30000,4,15,False,True,2022-01-01,2026-12-31
RC000325,FL003,VT005,Corporate,10882.0,1000,22,1.2,10,4000,30000,4,15,False,True,2022-01-01,2026-12-31
RC000326,FL003,VT005,Tourism / Northern Areas,13611.0,1000,22,1.2,10,4000,30000,4,15,False,True,2022-01-01,2026-12-31
RC000327,FL003,VT005,Monthly Contract,6829.0,1000,22,1.2,10,4000,30000,4,15,False,True,2022-01-01,2026-12-31
RC000328,FL003,VT005,Event,13404.0,1000,22,1.2,10,4000,30000,4,15,False,True,2022-01-01,2026-12-31
RC000329,FL003,VT006,City Ride,7057.0,800,20,1.2,10,4000,25000,4,15,False,False,2022-01-01,2026-12-31
RC000330,FL003,VT006,Airport Transfer,8330.0,800,20,1.2,10,4000,25000,4,15,False,True,2022-01-01,2026-12-31
RC000331,FL003,VT006,Intercity,7746.0,800,20,1.2,10,4000,25000,4,15,False,True,2022-01-01,2026-12-31
RC000332,FL003,VT006,Wedding,9146.0,800,20,1.2,10,4000,25000,4,15,False,True,2022-01-01,2026-12-31
RC000333,FL003,VT006,Corporate,8785.0,800,20,1.2,10,4000,25000,4,15,False,True,2022-01-01,2026-12-31
RC000334,FL003,VT006,Tourism / Northern Areas,7791.0,800,20,1.2,10,4000,25000,4,15,False,True,2022-01-01,2026-12-31
RC000335,FL003,VT006,Monthly Contract,5166.0,800,20,1.2,10,4000,25000,4,15,False,True,2022-01-01,2026-12-31
RC000336,FL003,VT006,Event,9795.0,800,20,1.2,10,4000,25000,4,15,False,True,2022-01-01,2026-12-31
RC000337,FL003,VT007,City Ride,13976.0,1200,28,1.2,10,4000,40000,4,15,False,False,2022-01-01,2026-12-31
RC000338,FL003,VT007,Airport Transfer,15818.0,1200,28,1.2,10,4000,40000,4,15,False,True,2022-01-01,2026-12-31
RC000339,FL003,VT007,Intercity,14160.0,1200,28,1.2,10,4000,40000,4,15,False,True,2022-01-01,2026-12-31
RC000340,FL003,VT007,Wedding,17051.0,1200,28,1.2,10,4000,40000,4,15,False,True,2022-01-01,2026-12-31
RC000341,FL003,VT007,Corporate,12659.0,1200,28,1.2,10,4000,40000,4,15,False,True,2022-01-01,2026-12-31
RC000342,FL003,VT007,Tourism / Northern Areas,17128.0,1200,28,1.2,10,4000,40000,4,15,False,True,2022-01-01,2026-12-31
RC000343,FL003,VT007,Monthly Contract,9129.0,1200,28,1.2,10,4000,40000,4,15,False,True,2022-01-01,2026-12-31
RC000344,FL003,VT007,Event,16299.0,1200,28,1.2,10,4000,40000,4,15,False,True,2022-01-01,2026-12-31
RC000345,FL003,VT008,City Ride,13234.0,1200,28,1.2,10,4000,40000,4,15,False,False,2022-01-01,2026-12-31
RC000346,FL003,VT008,Airport Transfer,14202.0,1200,28,1.2,10,4000,40000,4,15,False,True,2022-01-01,2026-12-31
RC000347,FL003,VT008,Intercity,16127.0,1200,28,1.2,10,4000,40000,4,15,False,True,2022-01-01,2026-12-31
RC000348,FL003,VT008,Wedding,17150.0,1200,28,1.2,10,4000,40000,4,15,False,True,2022-01-01,2026-12-31
RC000349,FL003,VT008,Corporate,15040.0,1200,28,1.2,10,4000,40000,4,15,False,True,2022-01-01,2026-12-31
RC000350,FL003,VT008,Tourism / Northern Areas,17516.0,1200,28,1.2,10,4000,40000,4,15,False,True,2022-01-01,2026-12-31
RC000351,FL003,VT008,Monthly Contract,11244.0,1200,28,1.2,10,4000,40000,4,15,False,True,2022-01-01,2026-12-31
RC000352,FL003,VT008,Event,16274.0,1200,28,1.2,10,4000,40000,4,15,False,True,2022-01-01,2026-12-31
RC000353,FL003,VT009,City Ride,19411.0,1800,35,1.2,10,4000,50000,4,15,False,False,2022-01-01,2026-12-31
RC000354,FL003,VT009,Airport Transfer,20127.0,1800,35,1.2,10,4000,50000,4,15,False,True,2022-01-01,2026-12-31
RC000355,FL003,VT009,Intercity,21663.0,1800,35,1.2,10,4000,50000,4,15,False,True,2022-01-01,2026-12-31
RC000356,FL003,VT009,Wedding,23245.0,1800,35,1.2,10,4000,50000,4,15,False,True,2022-01-01,2026-12-31
RC000357,FL003,VT009,Corporate,17039.0,1800,35,1.2,10,4000,50000,4,15,False,True,2022-01-01,2026-12-31
RC000358,FL003,VT009,Tourism / Northern Areas,23515.0,1800,35,1.2,10,4000,50000,4,15,False,True,2022-01-01,2026-12-31
RC000359,FL003,VT009,Monthly Contract,13724.0,1800,35,1.2,10,4000,50000,4,15,False,True,2022-01-01,2026-12-31
RC000360,FL003,VT009,Event,21784.0,1800,35,1.2,10,4000,50000,4,15,False,True,2022-01-01,2026-12-31
RC000361,FL003,VT010,City Ride,18637.0,2000,38,1.2,10,4000,55000,4,15,False,False,2022-01-01,2026-12-31
RC000362,FL003,VT010,Airport Transfer,19781.0,2000,38,1.2,10,4000,55000,4,15,False,True,2022-01-01,2026-12-31
RC000363,FL003,VT010,Intercity,21875.0,2000,38,1.2,10,4000,55000,4,15,False,True,2022-01-01,2026-12-31
RC000364,FL003,VT010,Wedding,23016.0,2000,38,1.2,10,4000,55000,4,15,False,True,2022-01-01,2026-12-31
RC000365,FL003,VT010,Corporate,19581.0,2000,38,1.2,10,4000,55000,4,15,False,True,2022-01-01,2026-12-31
RC000366,FL003,VT010,Tourism / Northern Areas,20974.0,2000,38,1.2,10,4000,55000,4,15,False,True,2022-01-01,2026-12-31
RC000367,FL003,VT010,Monthly Contract,14120.0,2000,38,1.2,10,4000,55000,4,15,False,True,2022-01-01,2026-12-31
RC000368,FL003,VT010,Event,23260.0,2000,38,1.2,10,4000,55000,4,15,False,True,2022-01-01,2026-12-31
RC000369,FL003,VT011,City Ride,26835.0,2500,50,1.2,10,4000,80000,4,15,False,False,2022-01-01,2026-12-31
RC000370,FL003,VT011,Airport Transfer,27053.0,2500,50,1.2,10,4000,80000,4,15,False,True,2022-01-01,2026-12-31
RC000371,FL003,VT011,Intercity,31601.0,2500,50,1.2,10,4000,80000,4,15,False,True,2022-01-01,2026-12-31
RC000372,FL003,VT011,Wedding,29488.0,2500,50,1.2,10,4000,80000,4,15,False,True,2022-01-01,2026-12-31
RC000373,FL003,VT011,Corporate,25188.0,2500,50,1.2,10,4000,80000,4,15,False,True,2022-01-01,2026-12-31
RC000374,FL003,VT011,Tourism / Northern Areas,30042.0,2500,50,1.2,10,4000,80000,4,15,False,True,2022-01-01,2026-12-31
RC000375,FL003,VT011,Monthly Contract,19062.0,2500,50,1.2,10,4000,80000,4,15,False,True,2022-01-01,2026-12-31
RC000376,FL003,VT011,Event,27292.0,2500,50,1.2,10,4000,80000,4,15,False,True,2022-01-01,2026-12-31
RC000377,FL003,VT012,City Ride,29304.0,3500,70,1.2,10,4000,100000,4,15,False,False,2022-01-01,2026-12-31
RC000378,FL003,VT012,Airport Transfer,32420.0,3500,70,1.2,10,4000,100000,4,15,False,True,2022-01-01,2026-12-31
RC000379,FL003,VT012,Intercity,44805.0,3500,70,1.2,10,4000,100000,4,15,False,True,2022-01-01,2026-12-31
RC000380,FL003,VT012,Wedding,36900.0,3500,70,1.2,10,4000,100000,4,15,False,True,2022-01-01,2026-12-31
RC000381,FL003,VT012,Corporate,28702.0,3500,70,1.2,10,4000,100000,4,15,False,True,2022-01-01,2026-12-31
RC000382,FL003,VT012,Tourism / Northern Areas,37662.0,3500,70,1.2,10,4000,100000,4,15,False,True,2022-01-01,2026-12-31
RC000383,FL003,VT012,Monthly Contract,26209.0,3500,70,1.2,10,4000,100000,4,15,False,True,2022-01-01,2026-12-31
RC000384,FL003,VT012,Event,34530.0,3500,70,1.2,10,4000,100000,4,15,False,True,2022-01-01,2026-12-31
RC000385,FL003,VT013,City Ride,30038.0,3000,60,1.2,10,4000,100000,4,15,False,False,2022-01-01,2026-12-31
RC000386,FL003,VT013,Airport Transfer,32721.0,3000,60,1.2,10,4000,100000,4,15,False,True,2022-01-01,2026-12-31
RC000387,FL003,VT013,Intercity,39017.0,3000,60,1.2,10,4000,100000,4,15,False,True,2022-01-01,2026-12-31
RC000388,FL003,VT013,Wedding,41300.0,3000,60,1.2,10,4000,100000,4,15,False,True,2022-01-01,2026-12-31
RC000389,FL003,VT013,Corporate,33371.0,3000,60,1.2,10,4000,100000,4,15,False,True,2022-01-01,2026-12-31
RC000390,FL003,VT013,Tourism / Northern Areas,35230.0,3000,60,1.2,10,4000,100000,4,15,False,True,2022-01-01,2026-12-31
RC000391,FL003,VT013,Monthly Contract,23102.0,3000,60,1.2,10,4000,100000,4,15,False,True,2022-01-01,2026-12-31
RC000392,FL003,VT013,Event,41410.0,3000,60,1.2,10,4000,100000,4,15,False,True,2022-01-01,2026-12-31
RC000393,FL003,VT014,City Ride,38499.0,5000,80,1.2,10,4000,150000,4,15,False,False,2022-01-01,2026-12-31
RC000394,FL003,VT014,Airport Transfer,54584.0,5000,80,1.2,10,4000,150000,4,15,False,True,2022-01-01,2026-12-31
RC000395,FL003,VT014,Intercity,60740.0,5000,80,1.2,10,4000,150000,4,15,False,True,2022-01-01,2026-12-31
RC000396,FL003,VT014,Wedding,63541.0,5000,80,1.2,10,4000,150000,4,15,False,True,2022-01-01,2026-12-31
RC000397,FL003,VT014,Corporate,60636.0,5000,80,1.2,10,4000,150000,4,15,False,True,2022-01-01,2026-12-31
RC000398,FL003,VT014,Tourism / Northern Areas,82241.0,5000,80,1.2,10,4000,150000,4,15,False,True,2022-01-01,2026-12-31
RC000399,FL003,VT014,Monthly Contract,37256.0,5000,80,1.2,10,4000,150000,4,15,False,True,2022-01-01,2026-12-31
RC000400,FL003,VT014,Event,74481.0,5000,80,1.2,10,4000,150000,4,15,False,True,2022-01-01,2026-12-31
RC000401,FL003,VT015,City Ride,112474.0,12000,200,1.2,10,4000,300000,4,15,False,False,2022-01-01,2026-12-31
RC000402,FL003,VT015,Airport Transfer,129141.0,12000,200,1.2,10,4000,300000,4,15,False,True,2022-01-01,2026-12-31
RC000403,FL003,VT015,Intercity,199962.0,12000,200,1.2,10,4000,300000,4,15,False,True,2022-01-01,2026-12-31
RC000404,FL003,VT015,Wedding,126272.0,12000,200,1.2,10,4000,300000,4,15,False,True,2022-01-01,2026-12-31
RC000405,FL003,VT015,Corporate,178084.0,12000,200,1.2,10,4000,300000,4,15,False,True,2022-01-01,2026-12-31
RC000406,FL003,VT015,Tourism / Northern Areas,171158.0,12000,200,1.2,10,4000,300000,4,15,False,True,2022-01-01,2026-12-31
RC000407,FL003,VT015,Monthly Contract,84734.0,12000,200,1.2,10,4000,300000,4,15,False,True,2022-01-01,2026-12-31
RC000408,FL003,VT015,Event,164924.0,12000,200,1.2,10,4000,300000,4,15,False,True,2022-01-01,2026-12-31
RC000409,FL003,VT016,City Ride,6134.0,600,15,1.2,10,4000,20000,4,15,False,False,2022-01-01,2026-12-31
RC000410,FL003,VT016,Airport Transfer,7166.0,600,15,1.2,10,4000,20000,4,15,False,True,2022-01-01,2026-12-31
RC000411,FL003,VT016,Intercity,7406.0,600,15,1.2,10,4000,20000,4,15,False,True,2022-01-01,2026-12-31
RC000412,FL003,VT016,Wedding,7468.0,600,15,1.2,10,4000,20000,4,15,False,True,2022-01-01,2026-12-31
RC000413,FL003,VT016,Corporate,5277.0,600,15,1.2,10,4000,20000,4,15,False,True,2022-01-01,2026-12-31
RC000414,FL003,VT016,Tourism / Northern Areas,7968.0,600,15,1.2,10,4000,20000,4,15,False,True,2022-01-01,2026-12-31
RC000415,FL003,VT016,Monthly Contract,4976.0,600,15,1.2,10,4000,20000,4,15,False,True,2022-01-01,2026-12-31
RC000416,FL003,VT016,Event,6495.0,600,15,1.2,10,4000,20000,4,15,False,True,2022-01-01,2026-12-31
RC000417,FL003,VT017,City Ride,11786.0,1100,25,1.2,10,4000,40000,4,15,False,False,2022-01-01,2026-12-31
RC000418,FL003,VT017,Airport Transfer,11697.0,1100,25,1.2,10,4000,40000,4,15,False,True,2022-01-01,2026-12-31
RC000419,FL003,VT017,Intercity,16373.0,1100,25,1.2,10,4000,40000,4,15,False,True,2022-01-01,2026-12-31
RC000420,FL003,VT017,Wedding,19578.0,1100,25,1.2,10,4000,40000,4,15,False,True,2022-01-01,2026-12-31
RC000421,FL003,VT017,Corporate,14579.0,1100,25,1.2,10,4000,40000,4,15,False,True,2022-01-01,2026-12-31
RC000422,FL003,VT017,Tourism / Northern Areas,15951.0,1100,25,1.2,10,4000,40000,4,15,False,True,2022-01-01,2026-12-31
RC000423,FL003,VT017,Monthly Contract,9065.0,1100,25,1.2,10,4000,40000,4,15,False,True,2022-01-01,2026-12-31
RC000424,FL003,VT017,Event,16236.0,1100,25,1.2,10,4000,40000,4,15,False,True,2022-01-01,2026-12-31
RC000425,FL003,VT018,City Ride,16467.0,1800,35,1.2,10,4000,50000,4,15,False,False,2022-01-01,2026-12-31
RC000426,FL003,VT018,Airport Transfer,21501.0,1800,35,1.2,10,4000,50000,4,15,False,True,2022-01-01,2026-12-31
RC000427,FL003,VT018,Intercity,20785.0,1800,35,1.2,10,4000,50000,4,15,False,True,2022-01-01,2026-12-31
RC000428,FL003,VT018,Wedding,23333.0,1800,35,1.2,10,4000,50000,4,15,False,True,2022-01-01,2026-12-31
RC000429,FL003,VT018,Corporate,20141.0,1800,35,1.2,10,4000,50000,4,15,False,True,2022-01-01,2026-12-31
RC000430,FL003,VT018,Tourism / Northern Areas,21253.0,1800,35,1.2,10,4000,50000,4,15,False,True,2022-01-01,2026-12-31
RC000431,FL003,VT018,Monthly Contract,13153.0,1800,35,1.2,10,4000,50000,4,15,False,True,2022-01-01,2026-12-31
RC000432,FL003,VT018,Event,22381.0,1800,35,1.2,10,4000,50000,4,15,False,True,2022-01-01,2026-12-31
RC000433,FL004,VT001,City Ride,4107.0,400,12,1.2,10,4000,10000,4,15,False,False,2022-01-01,2026-12-31
RC000434,FL004,VT001,Airport Transfer,3877.0,400,12,1.2,10,4000,10000,4,15,False,True,2022-01-01,2026-12-31
RC000435,FL004,VT001,Intercity,4731.0,400,12,1.2,10,4000,10000,4,15,False,True,2022-01-01,2026-12-31
RC000436,FL004,VT001,Wedding,5631.0,400,12,1.2,10,4000,10000,4,15,False,True,2022-01-01,2026-12-31
RC000437,FL004,VT001,Corporate,4013.0,400,12,1.2,10,4000,10000,4,15,False,True,2022-01-01,2026-12-31
RC000438,FL004,VT001,Tourism / Northern Areas,5307.0,400,12,1.2,10,4000,10000,4,15,False,True,2022-01-01,2026-12-31
RC000439,FL004,VT001,Monthly Contract,3124.0,400,12,1.2,10,4000,10000,4,15,False,True,2022-01-01,2026-12-31
RC000440,FL004,VT001,Event,5608.0,400,12,1.2,10,4000,10000,4,15,False,True,2022-01-01,2026-12-31
RC000441,FL004,VT002,City Ride,5789.0,500,14,1.2,10,4000,15000,4,15,False,False,2022-01-01,2026-12-31
RC000442,FL004,VT002,Airport Transfer,5880.0,500,14,1.2,10,4000,15000,4,15,False,True,2022-01-01,2026-12-31
RC000443,FL004,VT002,Intercity,6725.0,500,14,1.2,10,4000,15000,4,15,False,True,2022-01-01,2026-12-31
RC000444,FL004,VT002,Wedding,7392.0,500,14,1.2,10,4000,15000,4,15,False,True,2022-01-01,2026-12-31
RC000445,FL004,VT002,Corporate,4877.0,500,14,1.2,10,4000,15000,4,15,False,True,2022-01-01,2026-12-31
RC000446,FL004,VT002,Tourism / Northern Areas,6463.0,500,14,1.2,10,4000,15000,4,15,False,True,2022-01-01,2026-12-31
RC000447,FL004,VT002,Monthly Contract,4454.0,500,14,1.2,10,4000,15000,4,15,False,True,2022-01-01,2026-12-31
RC000448,FL004,VT002,Event,7013.0,500,14,1.2,10,4000,15000,4,15,False,True,2022-01-01,2026-12-31
RC000449,FL004,VT003,City Ride,7158.0,700,18,1.2,10,4000,20000,4,15,False,False,2022-01-01,2026-12-31
RC000450,FL004,VT003,Airport Transfer,7762.0,700,18,1.2,10,4000,20000,4,15,False,True,2022-01-01,2026-12-31
RC000451,FL004,VT003,Intercity,8616.0,700,18,1.2,10,4000,20000,4,15,False,True,2022-01-01,2026-12-31
RC000452,FL004,VT003,Wedding,6441.0,700,18,1.2,10,4000,20000,4,15,False,True,2022-01-01,2026-12-31
RC000453,FL004,VT003,Corporate,6678.0,700,18,1.2,10,4000,20000,4,15,False,True,2022-01-01,2026-12-31
RC000454,FL004,VT003,Tourism / Northern Areas,8071.0,700,18,1.2,10,4000,20000,4,15,False,True,2022-01-01,2026-12-31
RC000455,FL004,VT003,Monthly Contract,6230.0,700,18,1.2,10,4000,20000,4,15,False,True,2022-01-01,2026-12-31
RC000456,FL004,VT003,Event,10217.0,700,18,1.2,10,4000,20000,4,15,False,True,2022-01-01,2026-12-31
RC000457,FL004,VT004,City Ride,7605.0,650,17,1.2,10,4000,20000,4,15,False,False,2022-01-01,2026-12-31
RC000458,FL004,VT004,Airport Transfer,7917.0,650,17,1.2,10,4000,20000,4,15,False,True,2022-01-01,2026-12-31
RC000459,FL004,VT004,Intercity,7795.0,650,17,1.2,10,4000,20000,4,15,False,True,2022-01-01,2026-12-31
RC000460,FL004,VT004,Wedding,7769.0,650,17,1.2,10,4000,20000,4,15,False,True,2022-01-01,2026-12-31
RC000461,FL004,VT004,Corporate,7851.0,650,17,1.2,10,4000,20000,4,15,False,True,2022-01-01,2026-12-31
RC000462,FL004,VT004,Tourism / Northern Areas,9556.0,650,17,1.2,10,4000,20000,4,15,False,True,2022-01-01,2026-12-31
RC000463,FL004,VT004,Monthly Contract,5545.0,650,17,1.2,10,4000,20000,4,15,False,True,2022-01-01,2026-12-31
RC000464,FL004,VT004,Event,8526.0,650,17,1.2,10,4000,20000,4,15,False,True,2022-01-01,2026-12-31
RC000465,FL004,VT005,City Ride,11367.0,1000,22,1.2,10,4000,30000,4,15,False,False,2022-01-01,2026-12-31
RC000466,FL004,VT005,Airport Transfer,10055.0,1000,22,1.2,10,4000,30000,4,15,False,True,2022-01-01,2026-12-31
RC000467,FL004,VT005,Intercity,13178.0,1000,22,1.2,10,4000,30000,4,15,False,True,2022-01-01,2026-12-31
RC000468,FL004,VT005,Wedding,14154.0,1000,22,1.2,10,4000,30000,4,15,False,True,2022-01-01,2026-12-31
RC000469,FL004,VT005,Corporate,10703.0,1000,22,1.2,10,4000,30000,4,15,False,True,2022-01-01,2026-12-31
RC000470,FL004,VT005,Tourism / Northern Areas,11234.0,1000,22,1.2,10,4000,30000,4,15,False,True,2022-01-01,2026-12-31
RC000471,FL004,VT005,Monthly Contract,7988.0,1000,22,1.2,10,4000,30000,4,15,False,True,2022-01-01,2026-12-31
RC000472,FL004,VT005,Event,11431.0,1000,22,1.2,10,4000,30000,4,15,False,True,2022-01-01,2026-12-31
RC000473,FL004,VT006,City Ride,6528.0,800,20,1.2,10,4000,25000,4,15,False,False,2022-01-01,2026-12-31
RC000474,FL004,VT006,Airport Transfer,6918.0,800,20,1.2,10,4000,25000,4,15,False,True,2022-01-01,2026-12-31
RC000475,FL004,VT006,Intercity,8549.0,800,20,1.2,10,4000,25000,4,15,False,True,2022-01-01,2026-12-31
RC000476,FL004,VT006,Wedding,9284.0,800,20,1.2,10,4000,25000,4,15,False,True,2022-01-01,2026-12-31
RC000477,FL004,VT006,Corporate,6452.0,800,20,1.2,10,4000,25000,4,15,False,True,2022-01-01,2026-12-31
RC000478,FL004,VT006,Tourism / Northern Areas,9848.0,800,20,1.2,10,4000,25000,4,15,False,True,2022-01-01,2026-12-31
RC000479,FL004,VT006,Monthly Contract,5478.0,800,20,1.2,10,4000,25000,4,15,False,True,2022-01-01,2026-12-31
RC000480,FL004,VT006,Event,7942.0,800,20,1.2,10,4000,25000,4,15,False,True,2022-01-01,2026-12-31
RC000481,FL004,VT007,City Ride,12902.0,1200,28,1.2,10,4000,40000,4,15,False,False,2022-01-01,2026-12-31
RC000482,FL004,VT007,Airport Transfer,15337.0,1200,28,1.2,10,4000,40000,4,15,False,True,2022-01-01,2026-12-31
RC000483,FL004,VT007,Intercity,15961.0,1200,28,1.2,10,4000,40000,4,15,False,True,2022-01-01,2026-12-31
RC000484,FL004,VT007,Wedding,17923.0,1200,28,1.2,10,4000,40000,4,15,False,True,2022-01-01,2026-12-31
RC000485,FL004,VT007,Corporate,14500.0,1200,28,1.2,10,4000,40000,4,15,False,True,2022-01-01,2026-12-31
RC000486,FL004,VT007,Tourism / Northern Areas,15827.0,1200,28,1.2,10,4000,40000,4,15,False,True,2022-01-01,2026-12-31
RC000487,FL004,VT007,Monthly Contract,9078.0,1200,28,1.2,10,4000,40000,4,15,False,True,2022-01-01,2026-12-31
RC000488,FL004,VT007,Event,16344.0,1200,28,1.2,10,4000,40000,4,15,False,True,2022-01-01,2026-12-31
RC000489,FL004,VT008,City Ride,12977.0,1200,28,1.2,10,4000,40000,4,15,False,False,2022-01-01,2026-12-31
RC000490,FL004,VT008,Airport Transfer,14100.0,1200,28,1.2,10,4000,40000,4,15,False,True,2022-01-01,2026-12-31
RC000491,FL004,VT008,Intercity,14147.0,1200,28,1.2,10,4000,40000,4,15,False,True,2022-01-01,2026-12-31
RC000492,FL004,VT008,Wedding,19429.0,1200,28,1.2,10,4000,40000,4,15,False,True,2022-01-01,2026-12-31
RC000493,FL004,VT008,Corporate,16160.0,1200,28,1.2,10,4000,40000,4,15,False,True,2022-01-01,2026-12-31
RC000494,FL004,VT008,Tourism / Northern Areas,15703.0,1200,28,1.2,10,4000,40000,4,15,False,True,2022-01-01,2026-12-31
RC000495,FL004,VT008,Monthly Contract,11306.0,1200,28,1.2,10,4000,40000,4,15,False,True,2022-01-01,2026-12-31
RC000496,FL004,VT008,Event,16152.0,1200,28,1.2,10,4000,40000,4,15,False,True,2022-01-01,2026-12-31
RC000497,FL004,VT009,City Ride,17087.0,1800,35,1.2,10,4000,50000,4,15,False,False,2022-01-01,2026-12-31
RC000498,FL004,VT009,Airport Transfer,20407.0,1800,35,1.2,10,4000,50000,4,15,False,True,2022-01-01,2026-12-31
RC000499,FL004,VT009,Intercity,21169.0,1800,35,1.2,10,4000,50000,4,15,False,True,2022-01-01,2026-12-31
RC000500,FL004,VT009,Wedding,20643.0,1800,35,1.2,10,4000,50000,4,15,False,True,2022-01-01,2026-12-31
RC000501,FL004,VT009,Corporate,18391.0,1800,35,1.2,10,4000,50000,4,15,False,True,2022-01-01,2026-12-31
RC000502,FL004,VT009,Tourism / Northern Areas,21156.0,1800,35,1.2,10,4000,50000,4,15,False,True,2022-01-01,2026-12-31
RC000503,FL004,VT009,Monthly Contract,13904.0,1800,35,1.2,10,4000,50000,4,15,False,True,2022-01-01,2026-12-31
RC000504,FL004,VT009,Event,21440.0,1800,35,1.2,10,4000,50000,4,15,False,True,2022-01-01,2026-12-31
RC000505,FL004,VT010,City Ride,19186.0,2000,38,1.2,10,4000,55000,4,15,False,False,2022-01-01,2026-12-31
RC000506,FL004,VT010,Airport Transfer,19975.0,2000,38,1.2,10,4000,55000,4,15,False,True,2022-01-01,2026-12-31
RC000507,FL004,VT010,Intercity,24302.0,2000,38,1.2,10,4000,55000,4,15,False,True,2022-01-01,2026-12-31
RC000508,FL004,VT010,Wedding,24206.0,2000,38,1.2,10,4000,55000,4,15,False,True,2022-01-01,2026-12-31
RC000509,FL004,VT010,Corporate,20054.0,2000,38,1.2,10,4000,55000,4,15,False,True,2022-01-01,2026-12-31
RC000510,FL004,VT010,Tourism / Northern Areas,21789.0,2000,38,1.2,10,4000,55000,4,15,False,True,2022-01-01,2026-12-31
RC000511,FL004,VT010,Monthly Contract,13966.0,2000,38,1.2,10,4000,55000,4,15,False,True,2022-01-01,2026-12-31
RC000512,FL004,VT010,Event,20893.0,2000,38,1.2,10,4000,55000,4,15,False,True,2022-01-01,2026-12-31
RC000513,FL004,VT011,City Ride,27034.0,2500,50,1.2,10,4000,80000,4,15,False,False,2022-01-01,2026-12-31
RC000514,FL004,VT011,Airport Transfer,26188.0,2500,50,1.2,10,4000,80000,4,15,False,True,2022-01-01,2026-12-31
RC000515,FL004,VT011,Intercity,27125.0,2500,50,1.2,10,4000,80000,4,15,False,True,2022-01-01,2026-12-31
RC000516,FL004,VT011,Wedding,28072.0,2500,50,1.2,10,4000,80000,4,15,False,True,2022-01-01,2026-12-31
RC000517,FL004,VT011,Corporate,25139.0,2500,50,1.2,10,4000,80000,4,15,False,True,2022-01-01,2026-12-31
RC000518,FL004,VT011,Tourism / Northern Areas,31224.0,2500,50,1.2,10,4000,80000,4,15,False,True,2022-01-01,2026-12-31
RC000519,FL004,VT011,Monthly Contract,18693.0,2500,50,1.2,10,4000,80000,4,15,False,True,2022-01-01,2026-12-31
RC000520,FL004,VT011,Event,27299.0,2500,50,1.2,10,4000,80000,4,15,False,True,2022-01-01,2026-12-31
RC000521,FL004,VT012,City Ride,32579.0,3500,70,1.2,10,4000,100000,4,15,False,False,2022-01-01,2026-12-31
RC000522,FL004,VT012,Airport Transfer,31996.0,3500,70,1.2,10,4000,100000,4,15,False,True,2022-01-01,2026-12-31
RC000523,FL004,VT012,Intercity,45997.0,3500,70,1.2,10,4000,100000,4,15,False,True,2022-01-01,2026-12-31
RC000524,FL004,VT012,Wedding,45423.0,3500,70,1.2,10,4000,100000,4,15,False,True,2022-01-01,2026-12-31
RC000525,FL004,VT012,Corporate,33840.0,3500,70,1.2,10,4000,100000,4,15,False,True,2022-01-01,2026-12-31
RC000526,FL004,VT012,Tourism / Northern Areas,44362.0,3500,70,1.2,10,4000,100000,4,15,False,True,2022-01-01,2026-12-31
RC000527,FL004,VT012,Monthly Contract,25974.0,3500,70,1.2,10,4000,100000,4,15,False,True,2022-01-01,2026-12-31
RC000528,FL004,VT012,Event,43476.0,3500,70,1.2,10,4000,100000,4,15,False,True,2022-01-01,2026-12-31
RC000529,FL004,VT013,City Ride,34783.0,3000,60,1.2,10,4000,100000,4,15,False,False,2022-01-01,2026-12-31
RC000530,FL004,VT013,Airport Transfer,38049.0,3000,60,1.2,10,4000,100000,4,15,False,True,2022-01-01,2026-12-31
RC000531,FL004,VT013,Intercity,39504.0,3000,60,1.2,10,4000,100000,4,15,False,True,2022-01-01,2026-12-31
RC000532,FL004,VT013,Wedding,37365.0,3000,60,1.2,10,4000,100000,4,15,False,True,2022-01-01,2026-12-31
RC000533,FL004,VT013,Corporate,30357.0,3000,60,1.2,10,4000,100000,4,15,False,True,2022-01-01,2026-12-31
RC000534,FL004,VT013,Tourism / Northern Areas,41255.0,3000,60,1.2,10,4000,100000,4,15,False,True,2022-01-01,2026-12-31
RC000535,FL004,VT013,Monthly Contract,23419.0,3000,60,1.2,10,4000,100000,4,15,False,True,2022-01-01,2026-12-31
RC000536,FL004,VT013,Event,41330.0,3000,60,1.2,10,4000,100000,4,15,False,True,2022-01-01,2026-12-31
RC000537,FL004,VT014,City Ride,60627.0,5000,80,1.2,10,4000,150000,4,15,False,False,2022-01-01,2026-12-31
RC000538,FL004,VT014,Airport Transfer,72038.0,5000,80,1.2,10,4000,150000,4,15,False,True,2022-01-01,2026-12-31
RC000539,FL004,VT014,Intercity,70993.0,5000,80,1.2,10,4000,150000,4,15,False,True,2022-01-01,2026-12-31
RC000540,FL004,VT014,Wedding,46634.0,5000,80,1.2,10,4000,150000,4,15,False,True,2022-01-01,2026-12-31
RC000541,FL004,VT014,Corporate,75054.0,5000,80,1.2,10,4000,150000,4,15,False,True,2022-01-01,2026-12-31
RC000542,FL004,VT014,Tourism / Northern Areas,71101.0,5000,80,1.2,10,4000,150000,4,15,False,True,2022-01-01,2026-12-31
RC000543,FL004,VT014,Monthly Contract,39360.0,5000,80,1.2,10,4000,150000,4,15,False,True,2022-01-01,2026-12-31
RC000544,FL004,VT014,Event,63234.0,5000,80,1.2,10,4000,150000,4,15,False,True,2022-01-01,2026-12-31
RC000545,FL004,VT015,City Ride,109563.0,12000,200,1.2,10,4000,300000,4,15,False,False,2022-01-01,2026-12-31
RC000546,FL004,VT015,Airport Transfer,173750.0,12000,200,1.2,10,4000,300000,4,15,False,True,2022-01-01,2026-12-31
RC000547,FL004,VT015,Intercity,115241.0,12000,200,1.2,10,4000,300000,4,15,False,True,2022-01-01,2026-12-31
RC000548,FL004,VT015,Wedding,165915.0,12000,200,1.2,10,4000,300000,4,15,False,True,2022-01-01,2026-12-31
RC000549,FL004,VT015,Corporate,160523.0,12000,200,1.2,10,4000,300000,4,15,False,True,2022-01-01,2026-12-31
RC000550,FL004,VT015,Tourism / Northern Areas,124457.0,12000,200,1.2,10,4000,300000,4,15,False,True,2022-01-01,2026-12-31
RC000551,FL004,VT015,Monthly Contract,107516.0,12000,200,1.2,10,4000,300000,4,15,False,True,2022-01-01,2026-12-31
RC000552,FL004,VT015,Event,175624.0,12000,200,1.2,10,4000,300000,4,15,False,True,2022-01-01,2026-12-31
RC000553,FL004,VT016,City Ride,6811.0,600,15,1.2,10,4000,20000,4,15,False,False,2022-01-01,2026-12-31
RC000554,FL004,VT016,Airport Transfer,5671.0,600,15,1.2,10,4000,20000,4,15,False,True,2022-01-01,2026-12-31
RC000555,FL004,VT016,Intercity,5864.0,600,15,1.2,10,4000,20000,4,15,False,True,2022-01-01,2026-12-31
RC000556,FL004,VT016,Wedding,7667.0,600,15,1.2,10,4000,20000,4,15,False,True,2022-01-01,2026-12-31
RC000557,FL004,VT016,Corporate,5253.0,600,15,1.2,10,4000,20000,4,15,False,True,2022-01-01,2026-12-31
RC000558,FL004,VT016,Tourism / Northern Areas,8343.0,600,15,1.2,10,4000,20000,4,15,False,True,2022-01-01,2026-12-31
RC000559,FL004,VT016,Monthly Contract,4619.0,600,15,1.2,10,4000,20000,4,15,False,True,2022-01-01,2026-12-31
RC000560,FL004,VT016,Event,7622.0,600,15,1.2,10,4000,20000,4,15,False,True,2022-01-01,2026-12-31
RC000561,FL004,VT017,City Ride,13364.0,1100,25,1.2,10,4000,40000,4,15,False,False,2022-01-01,2026-12-31
RC000562,FL004,VT017,Airport Transfer,15707.0,1100,25,1.2,10,4000,40000,4,15,False,True,2022-01-01,2026-12-31
RC000563,FL004,VT017,Intercity,13991.0,1100,25,1.2,10,4000,40000,4,15,False,True,2022-01-01,2026-12-31
RC000564,FL004,VT017,Wedding,18885.0,1100,25,1.2,10,4000,40000,4,15,False,True,2022-01-01,2026-12-31
RC000565,FL004,VT017,Corporate,15485.0,1100,25,1.2,10,4000,40000,4,15,False,True,2022-01-01,2026-12-31
RC000566,FL004,VT017,Tourism / Northern Areas,19183.0,1100,25,1.2,10,4000,40000,4,15,False,True,2022-01-01,2026-12-31
RC000567,FL004,VT017,Monthly Contract,8735.0,1100,25,1.2,10,4000,40000,4,15,False,True,2022-01-01,2026-12-31
RC000568,FL004,VT017,Event,16968.0,1100,25,1.2,10,4000,40000,4,15,False,True,2022-01-01,2026-12-31
RC000569,FL004,VT018,City Ride,18997.0,1800,35,1.2,10,4000,50000,4,15,False,False,2022-01-01,2026-12-31
RC000570,FL004,VT018,Airport Transfer,20540.0,1800,35,1.2,10,4000,50000,4,15,False,True,2022-01-01,2026-12-31
RC000571,FL004,VT018,Intercity,19747.0,1800,35,1.2,10,4000,50000,4,15,False,True,2022-01-01,2026-12-31
RC000572,FL004,VT018,Wedding,20126.0,1800,35,1.2,10,4000,50000,4,15,False,True,2022-01-01,2026-12-31
RC000573,FL004,VT018,Corporate,20038.0,1800,35,1.2,10,4000,50000,4,15,False,True,2022-01-01,2026-12-31
RC000574,FL004,VT018,Tourism / Northern Areas,20574.0,1800,35,1.2,10,4000,50000,4,15,False,True,2022-01-01,2026-12-31
RC000575,FL004,VT018,Monthly Contract,13601.0,1800,35,1.2,10,4000,50000,4,15,False,True,2022-01-01,2026-12-31
RC000576,FL004,VT018,Event,19539.0,1800,35,1.2,10,4000,50000,4,15,False,True,2022-01-01,2026-12-31
