rate_id,fleet_id,vehicle_type_id,daily_rate_pkr,hourly_rate_pkr,km_rate_pkr,outstation_mult,night_surcharge_pct,airport_surcharge_pkr,security_deposit_pkr,min_hours,cancellation_fee_pct,fuel_included,driver_included,effective_from,effective_to,booking_type_id,booking_type_name
RC000001,FL001,VT001,3764.0,400,12,1.2,10,4000,10000,4,15,False,False,2022-01-01,2026-12-31,BT002,City Ride
RC000002,FL001,VT001,4594.0,400,12,1.2,10,4000,10000,4,15,False,True,2022-01-01,2026-12-31,BT001,Airport Transfer
RC000003,FL001,VT001,4779.0,400,12,1.2,10,4000,10000,4,15,False,True,2022-01-01,2026-12-31,BT005,Intercity
RC000004,FL001,VT001,5271.0,400,12,1.2,10,4000,10000,4,15,False,True,2022-01-01,2026-12-31,BT008,Wedding
RC000005,FL001,VT001,4097.0,400,12,1.2,10,4000,10000,4,15,False,True,2022-01-01,2026-12-31,BT003,Corporate
RC000006,FL001,VT001,5008.0,400,12,1.2,10,4000,10000,4,15,False,True,2022-01-01,2026-12-31,BT007,Tourism / Northern Areas
RC000007,FL001,VT001,3156.0,400,12,1.2,10,4000,10000,4,15,False,True,2022-01-01,2026-12-31,BT006,Monthly Contract
RC000008,FL001,VT001,4513.0,400,12,1.2,10,4000,10000,4,15,False,True,2022-01-01,2026-12-31,BT004,Event
RC000009,FL001,VT002,5075.0,500,14,1.2,10,4000,15000,4,15,False,False,2022-01-01,2026-12-31,BT002,City Ride
RC000010,FL001,VT002,5039.0,500,14,1.2,10,4000,15000,4,15,False,True,2022-01-01,2026-12-31,BT001,Airport Transfer
RC000011,FL001,VT002,6444.0,500,14,1.2,10,4000,15000,4,15,False,True,2022-01-01,2026-12-31,BT005,Intercity
RC000012,FL001,VT002,6549.0,500,14,1.2,10,4000,15000,4,15,False,True,2022-01-01,2026-12-31,BT008,Wedding
RC000013,FL001,VT002,5768.0,500,14,1.2,10,4000,15000,4,15,False,True,2022-01-01,2026-12-31,BT003,Corporate
RC000014,FL001,VT002,6182.0,500,14,1.2,10,4000,15000,4,15,False,True,2022-01-01,2026-12-31,BT007,Tourism / Northern Areas
RC000015,FL001,VT002,4106.0,500,14,1.2,10,4000,15000,4,15,False,True,2022-01-01,2026-12-31,BT006,Monthly Contract
RC000016,FL001,VT002,6314.0,500,14,1.2,10,4000,15000,4,15,False,True,2022-01-01,2026-12-31,BT004,Event
RC000017,FL001,VT003,7148.0,700,18,1.2,10,4000,20000,4,15,False,False,2022-01-01,2026-12-31,BT002,City Ride
RC000018,FL001,VT003,8441.0,700,18,1.2,10,4000,20000,4,15,False,True,2022-01-01,2026-12-31,BT001,Airport Transfer
RC000019,FL001,VT003,8477.0,700,18,1.2,10,4000,20000,4,15,False,True,2022-01-01,2026-12-31,BT005,Intercity
RC000020,FL001,VT003,7855.0,700,18,1.2,10,4000,20000,4,15,False,True,2022-01-01,2026-12-31,BT008,Wedding
RC000021,FL001,VT003,6929.0,700,18,1.2,10,4000,20000,4,15,False,True,2022-01-01,2026-12-31,BT003,Corporate
RC000022,FL001,VT003,9624.0,700,18,1.2,10,4000,20000,4,15,False,True,2022-01-01,2026-12-31,BT007,Tourism / Northern Areas
RC000023,FL001,VT003,6706.0,700,18,1.2,10,4000,20000,4,15,False,True,2022-01-01,2026-12-31,BT006,Monthly Contract
RC000024,FL001,VT003,10376.0,700,18,1.2,10,4000,20000,4,15,False,True,2022-01-01,2026-12-31,BT004,Event
RC000025,FL001,VT004,6212.0,650,17,1.2,10,4000,20000,4,15,False,False,2022-01-01,2026-12-31,BT002,City Ride
RC000026,FL001,VT004,8315.0,650,17,1.2,10,4000,20000,4,15,False,True,2022-01-01,2026-12-31,BT001,Airport Transfer
RC000027,FL001,VT004,8728.0,650,17,1.2,10,4000,20000,4,15,False,True,2022-01-01,2026-12-31,BT005,Intercity
RC000028,FL001,VT004,9176.0,650,17,1.2,10,4000,20000,4,15,False,True,2022-01-01,2026-12-31,BT008,Wedding
RC000029,FL001,VT004,6914.0,650,17,1.2,10,4000,20000,4,15,False,True,2022-01-01,2026-12-31,BT003,Corporate
RC000030,FL001,VT004,8930.0,650,17,1.2,10,4000,20000,4,15,False,True,2022-01-01,2026-12-31,BT007,Tourism / Northern Areas
RC000031,FL001,VT004,5604.0,650,17,1.2,10,4000,20000,4,15,False,True,2022-01-01,2026-12-31,BT006,Monthly Contract
RC000032,FL001,VT004,9437.0,650,17,1.2,10,4000,20000,4,15,False,True,2022-01-01,2026-12-31,BT004,Event
RC000033,FL001,VT005,9067.0,1000,22,1.2,10,4000,30000,4,15,False,False,2022-01-01,2026-12-31,BT002,City Ride
RC000034,FL001,VT005,12402.0,1000,22,1.2,10,4000,30000,4,15,False,True,2022-01-01,2026-12-31,BT001,Airport Transfer
RC000035,FL001,VT005,12154.0,1000,22,1.2,10,4000,30000,4,15,False,True,2022-01-01,2026-12-31,BT005,Intercity
RC000036,FL001,VT005,14695.0,1000,22,1.2,10,4000,30000,4,15,False,True,2022-01-01,2026-12-31,BT008,Wedding
RC000037,FL001,VT005,11926.0,1000,22,1.2,10,4000,30000,4,15,False,True,2022-01-01,2026-12-31,BT003,Corporate
RC000038,FL001,VT005,11560.0,1000,22,1.2,10,4000,30000,4,15,False,True,2022-01-01,2026-12-31,BT007,Tourism / Northern Areas
RC000039,FL001,VT005,8461.0,1000,22,1.2,10,4000,30000,4,15,False,True,2022-01-01,2026-12-31,BT006,Monthly Contract
RC000040,FL001,VT005,14200.0,1000,22,1.2,10,4000,30000,4,15,False,True,2022-01-01,2026-12-31,BT004,Event
RC000041,FL001,VT006,6712.0,800,20,1.2,10,4000,25000,4,15,False,False,2022-01-01,2026-12-31,BT002,City Ride
RC000042,FL001,VT006,8379.0,800,20,1.2,10,4000,25000,4,15,False,True,2022-01-01,2026-12-31,BT001,Airport Transfer
RC000043,FL001,VT006,7065.0,800,20,1.2,10,4000,25000,4,15,False,True,2022-01-01,2026-12-31,BT005,Intercity
RC000044,FL001,VT006,10193.0,800,20,1.2,10,4000,25000,4,15,False,True,2022-01-01,2026-12-31,BT008,Wedding
RC000045,FL001,VT006,7104.0,800,20,1.2,10,4000,25000,4,15,False,True,2022-01-01,2026-12-31,BT003,Corporate
RC000046,FL001,VT006,7460.0,800,20,1.2,10,4000,25000,4,15,False,True,2022-01-01,2026-12-31,BT007,Tourism / Northern Areas
RC000047,FL001,VT006,5500.0,800,20,1.2,10,4000,25000,4,15,False,True,2022-01-01,2026-12-31,BT006,Monthly Contract
RC000048,FL001,VT006,8572.0,800,20,1.2,10,4000,25000,4,15,False,True,2022-01-01,2026-12-31,BT004,Event
RC000049,FL001,VT007,13380.0,1200,28,1.2,10,4000,40000,4,15,False,False,2022-01-01,2026-12-31,BT002,City Ride
RC000050,FL001,VT007,15279.0,1200,28,1.2,10,4000,40000,4,15,False,True,2022-01-01,2026-12-31,BT001,Airport Transfer
RC000051,FL001,VT007,17093.0,1200,28,1.2,10,4000,40000,4,15,False,True,2022-01-01,2026-12-31,BT005,Intercity
RC000052,FL001,VT007,15895.0,1200,28,1.2,10,4000,40000,4,15,False,True,2022-01-01,2026-12-31,BT008,Wedding
RC000053,FL001,VT007,15103.0,1200,28,1.2,10,4000,40000,4,15,False,True,2022-01-01,2026-12-31,BT003,Corporate
RC000054,FL001,VT007,14964.0,1200,28,1.2,10,4000,40000,4,15,False,True,2022-01-01,2026-12-31,BT007,Tourism / Northern Areas
RC000055,FL001,VT007,11177.0,1200,28,1.2,10,4000,40000,4,15,False,True,2022-01-01,2026-12-31,BT006,Monthly Contract
RC000056,FL001,VT007,16218.0,1200,28,1.2,10,4000,40000,4,15,False,True,2022-01-01,2026-12-31,BT004,Event
RC000057,FL001,VT008,15405.0,1200,28,1.2,10,4000,40000,4,15,False,False,2022-01-01,2026-12-31,BT002,City Ride
RC000058,FL001,VT008,13225.0,1200,28,1.2,10,4000,40000,4,15,False,True,2022-01-01,2026-12-31,BT001,Airport Transfer
RC000059,FL001,VT008,16308.0,1200,28,1.2,10,4000,40000,4,15,False,True,2022-01-01,2026-12-31,BT005,Intercity
RC000060,FL001,VT008,15600.0,1200,28,1.2,10,4000,40000,4,15,False,True,2022-01-01,2026-12-31,BT008,Wedding
RC000061,FL001,VT008,16282.0,1200,28,1.2,10,4000,40000,4,15,False,True,2022-01-01,2026-12-31,BT003,Corporate
RC000062,FL001,VT008,17174.0,1200,28,1.2,10,4000,40000,4,15,False,True,2022-01-01,2026-12-31,BT007,Tourism / Northern Areas
RC000063,FL001,VT008,9272.0,1200,28,1.2,10,4000,40000,4,15,False,True,2022-01-01,2026-12-31,BT006,Monthly Contract
RC000064,FL001,VT008,14700.0,1200,28,1.2,10,4000,40000,4,15,False,True,2022-01-01,2026-12-31,BT004,Event
RC000065,FL001,VT009,18482.0,1800,35,1.2,10,4000,50000,4,15,False,False,2022-01-01,2026-12-31,BT002,City Ride
RC000066,FL001,VT009,21476.0,1800,35,1.2,10,4000,50000,4,15,False,True,2022-01-01,2026-12-31,BT001,Airport Transfer
RC000067,FL001,VT009,19569.0,1800,35,1.2,10,4000,50000,4,15,False,True,2022-01-01,2026-12-31,BT005,Intercity
RC000068,FL001,VT009,22027.0,1800,35,1.2,10,4000,50000,4,15,False,True,2022-01-01,2026-12-31,BT008,Wedding
RC000069,FL001,VT009,18421.0,1800,35,1.2,10,4000,50000,4,15,False,True,2022-01-01,2026-12-31,BT003,Corporate
RC000070,FL001,VT009,22133.0,1800,35,1.2,10,4000,50000,4,15,False,True,2022-01-01,2026-12-31,BT007,Tourism / Northern Areas
RC000071,FL001,VT009,14157.0,1800,35,1.2,10,4000,50000,4,15,False,True,2022-01-01,2026-12-31,BT006,Monthly Contract
RC000072,FL001,VT009,20640.0,1800,35,1.2,10,4000,50000,4,15,False,True,2022-01-01,2026-12-31,BT004,Event
RC000073,FL001,VT010,18662.0,2000,38,1.2,10,4000,55000,4,15,False,False,2022-01-01,2026-12-31,BT002,City Ride
RC000074,FL001,VT010,23388.0,2000,38,1.2,10,4000,55000,4,15,False,True,2022-01-01,2026-12-31,BT001,Airport Transfer
RC000075,FL001,VT010,23693.0,2000,38,1.2,10,4000,55000,4,15,False,True,2022-01-01,2026-12-31,BT005,Intercity
RC000076,FL001,VT010,24061.0,2000,38,1.2,10,4000,55000,4,15,False,True,2022-01-01,2026-12-31,BT008,Wedding
RC000077,FL001,VT010,20629.0,2000,38,1.2,10,4000,55000,4,15,False,True,2022-01-01,2026-12-31,BT003,Corporate
RC000078,FL001,VT010,24220.0,2000,38,1.2,10,4000,55000,4,15,False,True,2022-01-01,2026-12-31,BT007,Tourism / Northern Areas
RC000079,FL001,VT010,15003.0,2000,38,1.2,10,4000,55000,4,15,False,True,2022-01-01,2026-12-31,BT006,Monthly Contract
RC000080,FL001,VT010,24877.0,2000,38,1.2,10,4000,55000,4,15,False,True,2022-01-01,2026-12-31,BT004,Event
RC000081,FL001,VT011,23992.0,2500,50,1.2,10,4000,80000,4,15,False,False,2022-01-01,2026-12-31,BT002,City Ride
RC000082,FL001,VT011,27792.0,2500,50,1.2,10,4000,80000,4,15,False,True,2022-01-01,2026-12-31,BT001,Airport Transfer
RC000083,FL001,VT011,30092.0,2500,50,1.2,10,4000,80000,4,15,False,True,2022-01-01,2026-12-31,BT005,Intercity
RC000084,FL001,VT011,31443.0,2500,50,1.2,10,4000,80000,4,15,False,True,2022-01-01,2026-12-31,BT008,Wedding
RC000085,FL001,VT011,25718.0,2500,50,1.2,10,4000,80000,4,15,False,True,2022-01-01,2026-12-31,BT003,Corporate
RC000086,FL001,VT011,28476.0,2500,50,1.2,10,4000,80000,4,15,False,True,2022-01-01,2026-12-31,BT007,Tourism / Northern Areas
RC000087,FL001,VT011,19232.0,2500,50,1.2,10,4000,80000,4,15,False,True,2022-01-01,2026-12-31,BT006,Monthly Contract
RC000088,FL001,VT011,33085.0,2500,50,1.2,10,4000,80000,4,15,False,True,2022-01-01,2026-12-31,BT004,Event
RC000089,FL001,VT012,30996.0,3500,70,1.2,10,4000,100000,4,15,False,False,2022-01-01,2026-12-31,BT002,City Ride
RC000090,FL001,VT012,39999.0,3500,70,1.2,10,4000,100000,4,15,False,True,2022-01-01,2026-12-31,BT001,Airport Transfer
RC000091,FL001,VT012,30094.0,3500,70,1.2,10,4000,100000,4,15,False,True,2022-01-01,2026-12-31,BT005,Intercity
RC000092,FL001,VT012,32323.0,3500,70,1.2,10,4000,100000,4,15,False,True,2022-01-01,2026-12-31,BT008,Wedding
RC000093,FL001,VT012,30528.0,3500,70,1.2,10,4000,100000,4,15,False,True,2022-01-01,2026-12-31,BT003,Corporate
RC000094,FL001,VT012,39209.0,3500,70,1.2,10,4000,100000,4,15,False,True,2022-01-01,2026-12-31,BT007,Tourism / Northern Areas
RC000095,FL001,VT012,27322.0,3500,70,1.2,10,4000,100000,4,15,False,True,2022-01-01,2026-12-31,BT006,Monthly Contract
RC000096,FL001,VT012,42914.0,3500,70,1.2,10,4000,100000,4,15,False,True,2022-01-01,2026-12-31,BT004,Event
RC000097,FL001,VT013,29935.0,3000,60,1.2,10,4000,100000,4,15,False,False,2022-01-01,2026-12-31,BT002,City Ride
RC000098,FL001,VT013,36558.0,3000,60,1.2,10,4000,100000,4,15,False,True,2022-01-01,2026-12-31,BT001,Airport Transfer
RC000099,FL001,VT013,34773.0,3000,60,1.2,10,4000,100000,4,15,False,True,2022-01-01,2026-12-31,BT005,Intercity
RC000100,FL001,VT013,36055.0,3000,60,1.2,10,4000,100000,4,15,False,True,2022-01-01,2026-12-31,BT008,Wedding
RC000101,FL001,VT013,32566.0,3000,60,1.2,10,4000,100000,4,15,False,True,2022-01-01,2026-12-31,BT003,Corporate
RC000102,FL001,VT013,37513.0,3000,60,1.2,10,4000,100000,4,15,False,True,2022-01-01,2026-12-31,BT007,Tourism / Northern Areas
RC000103,FL001,VT013,21603.0,3000,60,1.2,10,4000,100000,4,15,False,True,2022-01-01,2026-12-31,BT006,Monthly Contract
RC000104,FL001,VT013,40211.0,3000,60,1.2,10,4000,100000,4,15,False,True,2022-01-01,2026-12-31,BT004,Event
RC000105,FL001,VT014,78780.0,5000,80,1.2,10,4000,150000,4,15,False,False,2022-01-01,2026-12-31,BT002,City Ride
RC000106,FL001,VT014,81929.0,5000,80,1.2,10,4000,150000,4,15,False,True,2022-01-01,2026-12-31,BT001,Airport Transfer
RC000107,FL001,VT014,82561.0,5000,80,1.2,10,4000,150000,4,15,False,True,2022-01-01,2026-12-31,BT005,Intercity
RC000108,FL001,VT014,50358.0,5000,80,1.2,10,4000,150000,4,15,False,True,2022-01-01,2026-12-31,BT008,Wedding
RC000109,FL001,VT014,36896.0,5000,80,1.2,10,4000,150000,4,15,False,True,2022-01-01,2026-12-31,BT003,Corporate
RC000110,FL001,VT014,80266.0,5000,80,1.2,10,4000,150000,4,15,False,True,2022-01-01,2026-12-31,BT007,Tourism / Northern Areas
RC000111,FL001,VT014,44869.0,5000,80,1.2,10,4000,150000,4,15,False,True,2022-01-01,2026-12-31,BT006,Monthly Contract
RC000112,FL001,VT014,85899.0,5000,80,1.2,10,4000,150000,4,15,False,True,2022-01-01,2026-12-31,BT004,Event
RC000113,FL001,VT015,143463.0,12000,200,1.2,10,4000,300000,4,15,False,False,2022-01-01,2026-12-31,BT002,City Ride
RC000114,FL001,VT015,155888.0,12000,200,1.2,10,4000,300000,4,15,False,True,2022-01-01,2026-12-31,BT001,Airport Transfer
RC000115,FL001,VT015,116060.0,12000,200,1.2,10,4000,300000,4,15,False,True,2022-01-01,2026-12-31,BT005,Intercity
RC000116,FL001,VT015,196753.0,12000,200,1.2,10,4000,300000,4,15,False,True,2022-01-01,2026-12-31,BT008,Wedding
RC000117,FL001,VT015,128936.0,12000,200,1.2,10,4000,300000,4,15,False,True,2022-01-01,2026-12-31,BT003,Corporate
RC000118,FL001,VT015,122572.0,12000,200,1.2,10,4000,300000,4,15,False,True,2022-01-01,2026-12-31,BT007,Tourism / Northern Areas
RC000119,FL001,VT015,94452.0,12000,200,1.2,10,4000,300000,4,15,False,True,2022-01-01,2026-12-31,BT006,Monthly Contract
RC000120,FL001,VT015,145111.0,12000,200,1.2,10,4000,300000,4,15,False,True,2022-01-01,2026-12-31,BT004,Event
RC000121,FL001,VT016,6939.0,600,15,1.2,10,4000,20000,4,15,False,False,2022-01-01,2026-12-31,BT002,City Ride
RC000122,FL001,VT016,7080.0,600,15,1.2,10,4000,20000,4,15,False,True,2022-01-01,2026-12-31,BT001,Airport Transfer
RC000123,FL001,VT016,7174.0,600,15,1.2,10,4000,20000,4,15,False,True,2022-01-01,2026-12-31,BT005,Intercity
RC000124,FL001,VT016,8288.0,600,15,1.2,10,4000,20000,4,15,False,True,2022-01-01,2026-12-31,BT008,Wedding
RC000125,FL001,VT016,5308.0,600,15,1.2,10,4000,20000,4,15,False,True,2022-01-01,2026-12-31,BT003,Corporate
RC000126,FL001,VT016,8362.0,600,15,1.2,10,4000,20000,4,15,False,True,2022-01-01,2026-12-31,BT007,Tourism / Northern Areas
RC000127,FL001,VT016,4962.0,600,15,1.2,10,4000,20000,4,15,False,True,2022-01-01,2026-12-31,BT006,Monthly Contract
RC000128,FL001,VT016,7286.0,600,15,1.2,10,4000,20000,4,15,False,True,2022-01-01,2026-12-31,BT004,Event
RC000129,FL001,VT017,12495.0,1100,25,1.2,10,4000,40000,4,15,False,False,2022-01-01,2026-12-31,BT002,City Ride
RC000130,FL001,VT017,16216.0,1100,25,1.2,10,4000,40000,4,15,False,True,2022-01-01,2026-12-31,BT001,Airport Transfer
RC000131,FL001,VT017,12444.0,1100,25,1.2,10,4000,40000,4,15,False,True,2022-01-01,2026-12-31,BT005,Intercity
RC000132,FL001,VT017,13035.0,1100,25,1.2,10,4000,40000,4,15,False,True,2022-01-01,2026-12-31,BT008,Wedding
RC000133,FL001,VT017,11338.0,1100,25,1.2,10,4000,40000,4,15,False,True,2022-01-01,2026-12-31,BT003,Corporate
RC000134,FL001,VT017,16029.0,1100,25,1.2,10,4000,40000,4,15,False,True,2022-01-01,2026-12-31,BT007,Tourism / Northern Areas
RC000135,FL001,VT017,9094.0,1100,25,1.2,10,4000,40000,4,15,False,True,2022-01-01,2026-12-31,BT006,Monthly Contract
RC000136,FL001,VT017,18108.0,1100,25,1.2,10,4000,40000,4,15,False,True,2022-01-01,2026-12-31,BT004,Event
RC000137,FL001,VT018,18077.0,1800,35,1.2,10,4000,50000,4,15,False,False,2022-01-01,2026-12-31,BT002,City Ride
RC000138,FL001,VT018,17890.0,1800,35,1.2,10,4000,50000,4,15,False,True,2022-01-01,2026-12-31,BT001,Airport Transfer
RC000139,FL001,VT018,18260.0,1800,35,1.2,10,4000,50000,4,15,False,True,2022-01-01,2026-12-31,BT005,Intercity
RC000140,FL001,VT018,23701.0,1800,35,1.2,10,4000,50000,4,15,False,True,2022-01-01,2026-12-31,BT008,Wedding
RC000141,FL001,VT018,16377.0,1800,35,1.2,10,4000,50000,4,15,False,True,2022-01-01,2026-12-31,BT003,Corporate
RC000142,FL001,VT018,21613.0,1800,35,1.2,10,4000,50000,4,15,False,True,2022-01-01,2026-12-31,BT007,Tourism / Northern Areas
RC000143,FL001,VT018,12357.0,1800,35,1.2,10,4000,50000,4,15,False,True,2022-01-01,2026-12-31,BT006,Monthly Contract
RC000144,FL001,VT018,21814.0,1800,35,1.2,10,4000,50000,4,15,False,True,2022-01-01,2026-12-31,BT004,Event
RC000145,FL002,VT001,3732.0,400,12,1.2,10,4000,10000,4,15,False,False,2022-01-01,2026-12-31,BT002,City Ride
RC000146,FL002,VT001,5001.0,400,12,1.2,10,4000,10000,4,15,False,True,2022-01-01,2026-12-31,BT001,Airport Transfer
RC000147,FL002,VT001,4244.0,400,12,1.2,10,4000,10000,4,15,False,True,2022-01-01,2026-12-31,BT005,Intercity
RC000148,FL002,VT001,4715.0,400,12,1.2,10,4000,10000,4,15,False,True,2022-01-01,2026-12-31,BT008,Wedding
RC000149,FL002,VT001,4867.0,400,12,1.2,10,4000,10000,4,15,False,True,2022-01-01,2026-12-31,BT003,Corporate
RC000150,FL002,VT001,5991.0,400,12,1.2,10,4000,10000,4,15,False,True,2022-01-01,2026-12-31,BT007,Tourism / Northern Areas
RC000151,FL002,VT001,3093.0,400,12,1.2,10,4000,10000,4,15,False,True,2022-01-01,2026-12-31,BT006,Monthly Contract
RC000152,FL002,VT001,5590.0,400,12,1.2,10,4000,10000,4,15,False,True,2022-01-01,2026-12-31,BT004,Event
RC000153,FL002,VT002,4940.0,500,14,1.2,10,4000,15000,4,15,False,False,2022-01-01,2026-12-31,BT002,City Ride
RC000154,FL002,VT002,6397.0,500,14,1.2,10,4000,15000,4,15,False,True,2022-01-01,2026-12-31,BT001,Airport Transfer
RC000155,FL002,VT002,5438.0,500,14,1.2,10,4000,15000,4,15,False,True,2022-01-01,2026-12-31,BT005,Intercity
RC000156,FL002,VT002,6564.0,500,14,1.2,10,4000,15000,4,15,False,True,2022-01-01,2026-12-31,BT008,Wedding
RC000157,FL002,VT002,4988.0,500,14,1.2,10,4000,15000,4,15,False,True,2022-01-01,2026-12-31,BT003,Corporate
RC000158,FL002,VT002,7174.0,500,14,1.2,10,4000,15000,4,15,False,True,2022-01-01,2026-12-31,BT007,Tourism / Northern Areas
RC000159,FL002,VT002,3508.0,500,14,1.2,10,4000,15000,4,15,False,True,2022-01-01,2026-12-31,BT006,Monthly Contract
RC000160,FL002,VT002,6674.0,500,14,1.2,10,4000,15000,4,15,False,True,2022-01-01,2026-12-31,BT004,Event
RC000161,FL002,VT003,6905.0,700,18,1.2,10,4000,20000,4,15,False,False,2022-01-01,2026-12-31,BT002,City Ride
RC000162,FL002,VT003,9590.0,700,18,1.2,10,4000,20000,4,15,False,True,2022-01-01,2026-12-31,BT001,Airport Transfer
RC000163,FL002,VT003,7345.0,700,18,1.2,10,4000,20000,4,15,False,True,2022-01-01,2026-12-31,BT005,Intercity
RC000164,FL002,VT003,7641.0,700,18,1.2,10,4000,20000,4,15,False,True,2022-01-01,2026-12-31,BT008,Wedding
RC000165,FL002,VT003,7762.0,700,18,1.2,10,4000,20000,4,15,False,True,2022-01-01,2026-12-31,BT003,Corporate
RC000166,FL002,VT003,10367.0,700,18,1.2,10,4000,20000,4,15,False,True,2022-01-01,2026-12-31,BT007,Tourism / Northern Areas
RC000167,FL002,VT003,4321.0,700,18,1.2,10,4000,20000,4,15,False,True,2022-01-01,2026-12-31,BT006,Monthly Contract
RC000168,FL002,VT003,6581.0,700,18,1.2,10,4000,20000,4,15,False,True,2022-01-01,2026-12-31,BT004,Event
RC000169,FL002,VT004,6469.0,650,17,1.2,10,4000,20000,4,15,False,False,2022-01-01,2026-12-31,BT002,City Ride
RC000170,FL002,VT004,7580.0,650,17,1.2,10,4000,20000,4,15,False,True,2022-01-01,2026-12-31,BT001,Airport Transfer
RC000171,FL002,VT004,8425.0,650,17,1.2,10,4000,20000,4,15,False,True,2022-01-01,2026-12-31,BT005,Intercity
RC000172,FL002,VT004,8107.0,650,17,1.2,10,4000,20000,4,15,False,True,2022-01-01,2026-12-31,BT008,Wedding
RC000173,FL002,VT004,6605.0,650,17,1.2,10,4000,20000,4,15,False,True,2022-01-01,2026-12-31,BT003,Corporate
RC000174,FL002,VT004,9075.0,650,17,1.2,10,4000,20000,4,15,False,True,2022-01-01,2026-12-31,BT007,Tourism / Northern Areas
RC000175,FL002,VT004,4736.0,650,17,1.2,10,4000,20000,4,15,False,True,2022-01-01,2026-12-31,BT006,Monthly Contract
RC000176,FL002,VT004,7467.0,650,17,1.2,10,4000,20000,4,15,False,True,2022-01-01,2026-12-31,BT004,Event
RC000177,FL002,VT005,10973.0,1000,22,1.2,10,4000,30000,4,15,False,False,2022-01-01,2026-12-31,BT002,City Ride
RC000178,FL002,VT005,12942.0,1000,22,1.2,10,4000,30000,4,15,False,True,2022-01-01,2026-12-31,BT001,Airport Transfer
RC000179,FL002,VT005,11481.0,1000,22,1.2,10,4000,30000,4,15,False,True,2022-01-01,2026-12-31,BT005,Intercity
RC000180,FL002,VT005,11474.0,1000,22,1.2,10,4000,30000,4,15,False,True,2022-01-01,2026-12-31,BT008,Wedding
RC000181,FL002,VT005,12223.0,1000,22,1.2,10,4000,30000,4,15,False,True,2022-01-01,2026-12-31,BT003,Corporate
RC000182,FL002,VT005,13311.0,1000,22,1.2,10,4000,30000,4,15,False,True,2022-01-01,2026-12-31,BT007,Tourism / Northern Areas
RC000183,FL002,VT005,6769.0,1000,22,1.2,10,4000,30000,4,15,False,True,2022-01-01,2026-12-31,BT006,Monthly Contract
RC000184,FL002,VT005,13573.0,1000,22,1.2,10,4000,30000,4,15,False,True,2022-01-01,2026-12-31,BT004,Event
RC000185,FL002,VT006,6599.0,800,20,1.2,10,4000,25000,4,15,False,False,2022-01-01,2026-12-31,BT002,City Ride
RC000186,FL002,VT006,7784.0,800,20,1.2,10,4000,25000,4,15,False,True,2022-01-01,2026-12-31,BT001,Airport Transfer
RC000187,FL002,VT006,7835.0,800,20,1.2,10,4000,25000,4,15,False,True,2022-01-01,2026-12-31,BT005,Intercity
RC000188,FL002,VT006,10295.0,800,20,1.2,10,4000,25000,4,15,False,True,2022-01-01,2026-12-31,BT008,Wedding
RC000189,FL002,VT006,7252.0,800,20,1.2,10,4000,25000,4,15,False,True,2022-01-01,2026-12-31,BT003,Corporate
RC000190,FL002,VT006,8387.0,800,20,1.2,10,4000,25000,4,15,False,True,2022-01-01,2026-12-31,BT007,Tourism / Northern Areas
RC000191,FL002,VT006,5584.0,800,20,1.2,10,4000,25000,4,15,False,True,2022-01-01,2026-12-31,BT006,Monthly Contract
RC000192,FL002,VT006,9317.0,800,20,1.2,10,4000,25000,4,15,False,True,2022-01-01,2026-12-31,BT004,Event
RC000193,FL002,VT007,12689.0,1200,28,1.2,10,4000,40000,4,15,False,False,2022-01-01,2026-12-31,BT002,City Ride
RC000194,FL002,VT007,15149.0,1200,28,1.2,10,4000,40000,4,15,False,True,2022-01-01,2026-12-31,BT001,Airport Transfer
RC000195,FL002,VT007,13829.0,1200,28,1.2,10,4000,40000,4,15,False,True,2022-01-01,2026-12-31,BT005,Intercity
RC000196,FL002,VT007,18543.0,1200,28,1.2,10,4000,40000,4,15,False,True,2022-01-01,2026-12-31,BT008,Wedding
RC000197,FL002,VT007,14100.0,1200,28,1.2,10,4000,40000,4,15,False,True,2022-01-01,2026-12-31,BT003,Corporate
RC000198,FL002,VT007,15749.0,1200,28,1.2,10,4000,40000,4,15,False,True,2022-01-01,2026-12-31,BT007,Tourism / Northern Areas
RC000199,FL002,VT007,9807.0,1200,28,1.2,10,4000,40000,4,15,False,True,2022-01-01,2026-12-31,BT006,Monthly Contract
RC000200,FL002,VT007,16848.0,1200,28,1.2,10,4000,40000,4,15,False,True,2022-01-01,2026-12-31,BT004,Event
RC000201,FL002,VT008,14257.0,1200,28,1.2,10,4000,40000,4,15,False,False,2022-01-01,2026-12-31,BT002,City Ride
RC000202,FL002,VT008,15496.0,1200,28,1.2,10,4000,40000,4,15,False,True,2022-01-01,2026-12-31,BT001,Airport Transfer
RC000203,FL002,VT008,17788.0,1200,28,1.2,10,4000,40000,4,15,False,True,2022-01-01,2026-12-31,BT005,Intercity
RC000204,FL002,VT008,17642.0,1200,28,1.2,10,4000,40000,4,15,False,True,2022-01-01,2026-12-31,BT008,Wedding
RC000205,FL002,VT008,14133.0,1200,28,1.2,10,4000,40000,4,15,False,True,2022-01-01,2026-12-31,BT003,Corporate
RC000206,FL002,VT008,18738.0,1200,28,1.2,10,4000,40000,4,15,False,True,2022-01-01,2026-12-31,BT007,Tourism / Northern Areas
RC000207,FL002,VT008,11043.0,1200,28,1.2,10,4000,40000,4,15,False,True,2022-01-01,2026-12-31,BT006,Monthly Contract
RC000208,FL002,VT008,15127.0,1200,28,1.2,10,4000,40000,4,15,False,True,2022-01-01,2026-12-31,BT004,Event
RC000209,FL002,VT009,16557.0,1800,35,1.2,10,4000,50000,4,15,False,False,2022-01-01,2026-12-31,BT002,City Ride
RC000210,FL002,VT009,21009.0,1800,35,1.2,10,4000,50000,4,15,False,True,2022-01-01,2026-12-31,BT001,Airport Transfer
RC000211,FL002,VT009,21046.0,1800,35,1.2,10,4000,50000,4,15,False,True,2022-01-01,2026-12-31,BT005,Intercity
RC000212,FL002,VT009,23951.0,1800,35,1.2,10,4000,50000,4,15,False,True,2022-01-01,2026-12-31,BT008,Wedding
RC000213,FL002,VT009,17920.0,1800,35,1.2,10,4000,50000,4,15,False,True,2022-01-01,2026-12-31,BT003,Corporate
RC000214,FL002,VT009,22078.0,1800,35,1.2,10,4000,50000,4,15,False,True,2022-01-01,2026-12-31,BT007,Tourism / Northern Areas
RC000215,FL002,VT009,12634.0,1800,35,1.2,10,4000,50000,4,15,False,True,2022-01-01,2026-12-31,BT006,Monthly Contract
RC000216,FL002,VT009,20707.0,1800,35,1.2,10,4000,50000,4,15,False,True,2022-01-01,2026-12-31,BT004,Event
RC000217,FL002,VT010,19470.0,2000,38,1.2,10,4000,55000,4,15,False,False,2022-01-01,2026-12-31,BT002,City Ride
RC000218,FL002,VT010,23840.0,2000,38,1.2,10,4000,55000,4,15,False,True,2022-01-01,2026-12-31,BT001,Airport Transfer
RC000219,FL002,VT010,23485.0,2000,38,1.2,10,4000,55000,4,15,False,True,2022-01-01,2026-12-31,BT005,Intercity
RC000220,FL002,VT010,21673.0,2000,38,1.2,10,4000,55000,4,15,False,True,2022-01-01,2026-12-31,BT008,Wedding
RC000221,FL002,VT010,19545.0,2000,38,1.2,10,4000,55000,4,15,False,True,2022-01-01,2026-12-31,BT003,Corporate
RC000222,FL002,VT010,21362.0,2000,38,1.2,10,4000,55000,4,15,False,True,2022-01-01,2026-12-31,BT007,Tourism / Northern Areas
RC000223,FL002,VT010,15572.0,2000,38,1.2,10,4000,55000,4,15,False,True,2022-01-01,2026-12-31,BT006,Monthly Contract
RC000224,FL002,VT010,21525.0,2000,38,1.2,10,4000,55000,4,15,False,True,2022-01-01,2026-12-31,BT004,Event
RC000225,FL002,VT011,26952.0,2500,50,1.2,10,4000,80000,4,15,False,False,2022-01-01,2026-12-31,BT002,City Ride
RC000226,FL002,VT011,28056.0,2500,50,1.2,10,4000,80000,4,15,False,True,2022-01-01,2026-12-31,BT001,Airport Transfer
RC000227,FL002,VT011,25955.0,2500,50,1.2,10,4000,80000,4,15,False,True,2022-01-01,2026-12-31,BT005,Intercity
RC000228,FL002,VT011,32345.0,2500,50,1.2,10,4000,80000,4,15,False,True,2022-01-01,2026-12-31,BT008,Wedding
RC000229,FL002,VT011,25824.0,2500,50,1.2,10,4000,80000,4,15,False,True,2022-01-01,2026-12-31,BT003,Corporate
RC000230,FL002,VT011,28012.0,2500,50,1.2,10,4000,80000,4,15,False,True,2022-01-01,2026-12-31,BT007,Tourism / Northern Areas
RC000231,FL002,VT011,20259.0,2500,50,1.2,10,4000,80000,4,15,False,True,2022-01-01,2026-12-31,BT006,Monthly Contract
RC000232,FL002,VT011,32765.0,2500,50,1.2,10,4000,80000,4,15,False,True,2022-01-01,2026-12-31,BT004,Event
RC000233,FL002,VT012,26632.0,3500,70,1.2,10,4000,100000,4,15,False,False,2022-01-01,2026-12-31,BT002,City Ride
RC000234,FL002,VT012,29160.0,3500,70,1.2,10,4000,100000,4,15,False,True,2022-01-01,2026-12-31,BT001,Airport Transfer
RC000235,FL002,VT012,37025.0,3500,70,1.2,10,4000,100000,4,15,False,True,2022-01-01,2026-12-31,BT005,Intercity
RC000236,FL002,VT012,35733.0,3500,70,1.2,10,4000,100000,4,15,False,True,2022-01-01,2026-12-31,BT008,Wedding
RC000237,FL002,VT012,32273.0,3500,70,1.2,10,4000,100000,4,15,False,True,2022-01-01,2026-12-31,BT003,Corporate
RC000238,FL002,VT012,30673.0,3500,70,1.2,10,4000,100000,4,15,False,True,2022-01-01,2026-12-31,BT007,Tourism / Northern Areas
RC000239,FL002,VT012,24132.0,3500,70,1.2,10,4000,100000,4,15,False,True,2022-01-01,2026-12-31,BT006,Monthly Contract
RC000240,FL002,VT012,33112.0,3500,70,1.2,10,4000,100000,4,15,False,True,2022-01-01,2026-12-31,BT004,Event
RC000241,FL002,VT013,31021.0,3000,60,1.2,10,4000,100000,4,15,False,False,2022-01-01,2026-12-31,BT002,City Ride
RC000242,FL002,VT013,37510.0,3000,60,1.2,10,4000,100000,4,15,False,True,2022-01-01,2026-12-31,BT001,Airport Transfer
RC000243,FL002,VT013,35453.0,3000,60,1.2,10,4000,100000,4,15,False,True,2022-01-01,2026-12-31,BT005,Intercity
RC000244,FL002,VT013,42237.0,3000,60,1.2,10,4000,100000,4,15,False,True,2022-01-01,2026-12-31,BT008,Wedding
RC000245,FL002,VT013,32820.0,3000,60,1.2,10,4000,100000,4,15,False,True,2022-01-01,2026-12-31,BT003,Corporate
RC000246,FL002,VT013,40734.0,3000,60,1.2,10,4000,100000,4,15,False,True,2022-01-01,2026-12-31,BT007,Tourism / Northern Areas
RC000247,FL002,VT013,22384.0,3000,60,1.2,10,4000,100000,4,15,False,True,2022-01-01,2026-12-31,BT006,Monthly Contract
RC000248,FL002,VT013,36376.0,3000,60,1.2,10,4000,100000,4,15,False,True,2022-01-01,2026-12-31,BT004,Event
RC000249,FL002,VT014,78051.0,5000,80,1.2,10,4000,150000,4,15,False,False,2022-01-01,2026-12-31,BT002,City Ride
RC000250,FL002,VT014,51007.0,5000,80,1.2,10,4000,150000,4,15,False,True,2022-01-01,2026-12-31,BT001,Airport Transfer
RC000251,FL002,VT014,69686.0,5000,80,1.2,10,4000,150000,4,15,False,True,2022-01-01,2026-12-31,BT005,Intercity
RC000252,FL002,VT014,71722.0,5000,80,1.2,10,4000,150000,4,15,False,True,2022-01-01,2026-12-31,BT008,Wedding
RC000253,FL002,VT014,48267.0,5000,80,1.2,10,4000,150000,4,15,False,True,2022-01-01,2026-12-31,BT003,Corporate
RC000254,FL002,VT014,79858.0,5000,80,1.2,10,4000,150000,4,15,False,True,2022-01-01,2026-12-31,BT007,Tourism / Northern Areas
RC000255,FL002,VT014,29813.0,5000,80,1.2,10,4000,150000,4,15,False,True,2022-01-01,2026-12-31,BT006,Monthly Contract
RC000256,FL002,VT014,80879.0,5000,80,1.2,10,4000,150000,4,15,False,True,2022-01-01,2026-12-31,BT004,Event
RC000257,FL002,VT015,100265.0,12000,200,1.2,10,4000,300000,4,15,False,False,2022-01-01,2026-12-31,BT002,City Ride
RC000258,FL002,VT015,171101.0,12000,200,1.2,10,4000,300000,4,15,False,True,2022-01-01,2026-12-31,BT001,Airport Transfer
RC000259,FL002,VT015,168682.0,12000,200,1.2,10,4000,300000,4,15,False,True,2022-01-01,2026-12-31,BT005,Intercity
RC000260,FL002,VT015,182011.0,12000,200,1.2,10,4000,300000,4,15,False,True,2022-01-01,2026-12-31,BT008,Wedding
RC000261,FL002,VT015,154258.0,12000,200,1.2,10,4000,300000,4,15,False,True,2022-01-01,2026-12-31,BT003,Corporate
RC000262,FL002,VT015,137222.0,12000,200,1.2,10,4000,300000,4,15,False,True,2022-01-01,2026-12-31,BT007,Tourism / Northern Areas
RC000263,FL002,VT015,78227.0,12000,200,1.2,10,4000,300000,4,15,False,True,2022-01-01,2026-12-31,BT006,Monthly Contract
RC000264,FL002,VT015,175783.0,12000,200,1.2,10,4000,300000,4,15,False,True,2022-01-01,2026-12-31,BT004,Event
RC000265,FL002,VT016,5098.0,600,15,1.2,10,4000,20000,4,15,False,False,2022-01-01,2026-12-31,BT002,City Ride
RC000266,FL002,VT016,6066.0,600,15,1.2,10,4000,20000,4,15,False,True,2022-01-01,2026-12-31,BT001,Airport Transfer
RC000267,FL002,VT016,7166.0,600,15,1.2,10,4000,20000,4,15,False,True,2022-01-01,2026-12-31,BT005,Intercity
RC000268,FL002,VT016,7438.0,600,15,1.2,10,4000,20000,4,15,False,True,2022-01-01,2026-12-31,BT008,Wedding
RC000269,FL002,VT016,6956.0,600,15,1.2,10,4000,20000,4,15,False,True,2022-01-01,2026-12-31,BT003,Corporate
RC000270,FL002,VT016,8161.0,600,15,1.2,10,4000,20000,4,15,False,True,2022-01-01,2026-12-31,BT007,Tourism / Northern Areas
RC000271,FL002,VT016,4761.0,600,15,1.2,10,4000,20000,4,15,False,True,2022-01-01,2026-12-31,BT006,Monthly Contract
RC000272,FL002,VT016,8167.0,600,15,1.2,10,4000,20000,4,15,False,True,2022-01-01,2026-12-31,BT004,Event
RC000273,FL002,VT017,10478.0,1100,25,1.2,10,4000,40000,4,15,False,False,2022-01-01,2026-12-31,BT002,City Ride
RC000274,FL002,VT017,14679.0,1100,25,1.2,10,4000,40000,4,15,False,True,2022-01-01,2026-12-31,BT001,Airport Transfer
RC000275,FL002,VT017,12155.0,1100,25,1.2,10,4000,40000,4,15,False,True,2022-01-01,2026-12-31,BT005,Intercity
RC000276,FL002,VT017,19562.0,1100,25,1.2,10,4000,40000,4,15,False,True,2022-01-01,2026-12-31,BT008,Wedding
RC000277,FL002,VT017,13630.0,1100,25,1.2,10,4000,40000,4,15,False,True,2022-01-01,2026-12-31,BT003,Corporate
RC000278,FL002,VT017,16416.0,1100,25,1.2,10,4000,40000,4,15,False,True,2022-01-01,2026-12-31,BT007,Tourism / Northern Areas
RC000279,FL002,VT017,10204.0,1100,25,1.2,10,4000,40000,4,15,False,True,2022-01-01,2026-12-31,BT006,Monthly Contract
RC000280,FL002,VT017,15156.0,1100,25,1.2,10,4000,40000,4,15,False,True,2022-01-01,2026-12-31,BT004,Event
RC000281,FL002,VT018,16142.0,1800,35,1.2,10,4000,50000,4,15,False,False,2022-01-01,2026-12-31,BT002,City Ride
RC000282,FL002,VT018,17068.0,1800,35,1.2,10,4000,50000,4,15,False,True,2022-01-01,2026-12-31,BT001,Airport Transfer
RC000283,FL002,VT018,18074.0,1800,35,1.2,10,4000,50000,4,15,False,True,2022-01-01,2026-12-31,BT005,Intercity
RC000284,FL002,VT018,24715.0,1800,35,1.2,10,4000,50000,4,15,False,True,2022-01-01,2026-12-31,BT008,Wedding
RC000285,FL002,VT018,18206.0,1800,35,1.2,10,4000,50000,4,15,False,True,2022-01-01,2026-12-31,BT003,Corporate
RC000286,FL002,VT018,22281.0,1800,35,1.2,10,4000,50000,4,15,False,True,2022-01-01,2026-12-31,BT007,Tourism / Northern Areas
RC000287,FL002,VT018,11554.0,1800,35,1.2,10,4000,50000,4,15,False,True,2022-01-01,2026-12-31,BT006,Monthly Contract
RC000288,FL002,VT018,18464.0,1800,35,1.2,10,4000,50000,4,15,False,True,2022-01-01,2026-12-31,BT004,Event
RC000289,FL003,VT001,3792.0,400,12,1.2,10,4000,10000,4,15,False,False,2022-01-01,2026-12-31,BT002,City Ride
RC000290,FL003,VT001,4367.0,400,12,1.2,10,4000,10000,4,15,False,True,2022-01-01,2026-12-31,BT001,Airport Transfer
RC000291,FL003,VT001,4292.0,400,12,1.2,10,4000,10000,4,15,False,True,2022-01-01,2026-12-31,BT005,Intercity
RC000292,FL003,VT001,5227.0,400,12,1.2,10,4000,10000,4,15,False,True,2022-01-01,2026-12-31,BT008,Wedding
RC000293,FL003,VT001,3719.0,400,12,1.2,10,4000,10000,4,15,False,True,2022-01-01,2026-12-31,BT003,Corporate
RC000294,FL003,VT001,5329.0,400,12,1.2,10,4000,10000,4,15,False,True,2022-01-01,2026-12-31,BT007,Tourism / Northern Areas
RC000295,FL003,VT001,3571.0,400,12,1.2,10,4000,10000,4,15,False,True,2022-01-01,2026-12-31,BT006,Monthly Contract
RC000296,FL003,VT001,4316.0,400,12,1.2,10,4000,10000,4,15,False,True,2022-01-01,2026-12-31,BT004,Event
RC000297,FL003,VT002,5076.0,500,14,1.2,10,4000,15000,4,15,False,False,2022-01-01,2026-12-31,BT002,City Ride
RC000298,FL003,VT002,5040.0,500,14,1.2,10,4000,15000,4,15,False,True,2022-01-01,2026-12-31,BT001,Airport Transfer
RC000299,FL003,VT002,6350.0,500,14,1.2,10,4000,15000,4,15,False,True,2022-01-01,2026-12-31,BT005,Intercity
RC000300,FL003,VT002,6175.0,500,14,1.2,10,4000,15000,4,15,False,True,2022-01-01,2026-12-31,BT008,Wedding
RC000301,FL003,VT002,5846.0,500,14,1.2,10,4000,15000,4,15,False,True,2022-01-01,2026-12-31,BT003,Corporate
RC000302,FL003,VT002,5897.0,500,14,1.2,10,4000,15000,4,15,False,True,2022-01-01,2026-12-31,BT007,Tourism / Northern Areas
RC000303,FL003,VT002,4080.0,500,14,1.2,10,4000,15000,4,15,False,True,2022-01-01,2026-12-31,BT006,Monthly Contract
RC000304,FL003,VT002,6152.0,500,14,1.2,10,4000,15000,4,15,False,True,2022-01-01,2026-12-31,BT004,Event
RC000305,FL003,VT003,7212.0,700,18,1.2,10,4000,20000,4,15,False,False,2022-01-01,2026-12-31,BT002,City Ride
RC000306,FL003,VT003,5709.0,700,18,1.2,10,4000,20000,4,15,False,True,2022-01-01,2026-12-31,BT001,Airport Transfer
RC000307,FL003,VT003,8791.0,700,18,1.2,10,4000,20000,4,15,False,True,2022-01-01,2026-12-31,BT005,Intercity
RC000308,FL003,VT003,8207.0,700,18,1.2,10,4000,20000,4,15,False,True,2022-01-01,2026-12-31,BT008,Wedding
RC000309,FL003,VT003,6335.0,700,18,1.2,10,4000,20000,4,15,False,True,2022-01-01,2026-12-31,BT003,Corporate
RC000310,FL003,VT003,6578.0,700,18,1.2,10,4000,20000,4,15,False,True,2022-01-01,2026-12-31,BT007,Tourism / Northern Areas
RC000311,FL003,VT003,4364.0,700,18,1.2,10,4000,20000,4,15,False,True,2022-01-01,2026-12-31,BT006,Monthly Contract
RC000312,FL003,VT003,7386.0,700,18,1.2,10,4000,20000,4,15,False,True,2022-01-01,2026-12-31,BT004,Event
RC000313,FL003,VT004,7156.0,650,17,1.2,10,4000,20000,4,15,False,False,2022-01-01,2026-12-31,BT002,City Ride
RC000314,FL003,VT004,8492.0,650,17,1.2,10,4000,20000,4,15,False,True,2022-01-01,2026-12-31,BT001,Airport Transfer
RC000315,FL003,VT004,7506.0,650,17,1.2,10,4000,20000,4,15,False,True,2022-01-01,2026-12-31,BT005,Intercity
RC000316,FL003,VT004,9112.0,650,17,1.2,10,4000,20000,4,15,False,True,2022-01-01,2026-12-31,BT008,Wedding
RC000317,FL003,VT004,7309.0,650,17,1.2,10,4000,20000,4,15,False,True,2022-01-01,2026-12-31,BT003,Corporate
RC000318,FL003,VT004,8320.0,650,17,1.2,10,4000,20000,4,15,False,True,2022-01-01,2026-12-31,BT007,Tourism / Northern Areas
RC000319,FL003,VT004,5833.0,650,17,1.2,10,4000,20000,4,15,False,True,2022-01-01,2026-12-31,BT006,Monthly Contract
RC000320,FL003,VT004,9474.0,650,17,1.2,10,4000,20000,4,15,False,True,2022-01-01,2026-12-31,BT004,Event
RC000321,FL003,VT005,11145.0,1000,22,1.2,10,4000,30000,4,15,False,False,2022-01-01,2026-12-31,BT002,City Ride
RC000322,FL003,VT005,12817.0,1000,22,1.2,10,4000,30000,4,15,False,True,2022-01-01,2026-12-31,BT001,Airport Transfer
RC000323,FL003,VT005,12886.0,1000,22,1.2,10,4000,30000,4,15,False,True,2022-01-01,2026-12-31,BT005,Intercity
RC000324,FL003,VT005,14016.0,1000,22,1.2,10,4000,30000,4,15,False,True,2022-01-01,2026-12-31,BT008,Wedding
RC000325,FL003,VT005,10882.0,1000,22,1.2,10,4000,30000,4,15,False,True,2022-01-01,2026-12-31,BT003,Corporate
RC000326,FL003,VT005,13611.0,1000,22,1.2,10,4000,30000,4,15,False,True,2022-01-01,2026-12-31,BT007,Tourism / Northern Areas
RC000327,FL003,VT005,6829.0,1000,22,1.2,10,4000,30000,4,15,False,True,2022-01-01,2026-12-31,BT006,Monthly Contract
RC000328,FL003,VT005,13404.0,1000,22,1.2,10,4000,30000,4,15,False,True,2022-01-01,2026-12-31,BT004,Event
RC000329,FL003,VT006,7057.0,800,20,1.2,10,4000,25000,4,15,False,False,2022-01-01,2026-12-31,BT002,City Ride
RC000330,FL003,VT006,8330.0,800,20,1.2,10,4000,25000,4,15,False,True,2022-01-01,2026-12-31,BT001,Airport Transfer
RC000331,FL003,VT006,7746.0,800,20,1.2,10,4000,25000,4,15,False,True,2022-01-01,2026-12-31,BT005,Intercity
RC000332,FL003,VT006,9146.0,800,20,1.2,10,4000,25000,4,15,False,True,2022-01-01,2026-12-31,BT008,Wedding
RC000333,FL003,VT006,8785.0,800,20,1.2,10,4000,25000,4,15,False,True,2022-01-01,2026-12-31,BT003,Corporate
RC000334,FL003,VT006,7791.0,800,20,1.2,10,4000,25000,4,15,False,True,2022-01-01,2026-12-31,BT007,Tourism / Northern Areas
RC000335,FL003,VT006,5166.0,800,20,1.2,10,4000,25000,4,15,False,True,2022-01-01,2026-12-31,BT006,Monthly Contract
RC000336,FL003,VT006,9795.0,800,20,1.2,10,4000,25000,4,15,False,True,2022-01-01,2026-12-31,BT004,Event
RC000337,FL003,VT007,13976.0,1200,28,1.2,10,4000,40000,4,15,False,False,2022-01-01,2026-12-31,BT002,City Ride
RC000338,FL003,VT007,15818.0,1200,28,1.2,10,4000,40000,4,15,False,True,2022-01-01,2026-12-31,BT001,Airport Transfer
RC000339,FL003,VT007,14160.0,1200,28,1.2,10,4000,40000,4,15,False,True,2022-01-01,2026-12-31,BT005,Intercity
RC000340,FL003,VT007,17051.0,1200,28,1.2,10,4000,40000,4,15,False,True,2022-01-01,2026-12-31,BT008,Wedding
RC000341,FL003,VT007,12659.0,1200,28,1.2,10,4000,40000,4,15,False,True,2022-01-01,2026-12-31,BT003,Corporate
RC000342,FL003,VT007,17128.0,1200,28,1.2,10,4000,40000,4,15,False,True,2022-01-01,2026-12-31,BT007,Tourism / Northern Areas
RC000343,FL003,VT007,9129.0,1200,28,1.2,10,4000,40000,4,15,False,True,2022-01-01,2026-12-31,BT006,Monthly Contract
RC000344,FL003,VT007,16299.0,1200,28,1.2,10,4000,40000,4,15,False,True,2022-01-01,2026-12-31,BT004,Event
RC000345,FL003,VT008,13234.0,1200,28,1.2,10,4000,40000,4,15,False,False,2022-01-01,2026-12-31,BT002,City Ride
RC000346,FL003,VT008,14202.0,1200,28,1.2,10,4000,40000,4,15,False,True,2022-01-01,2026-12-31,BT001,Airport Transfer
RC000347,FL003,VT008,16127.0,1200,28,1.2,10,4000,40000,4,15,False,True,2022-01-01,2026-12-31,BT005,Intercity
RC000348,FL003,VT008,17150.0,1200,28,1.2,10,4000,40000,4,15,False,True,2022-01-01,2026-12-31,BT008,Wedding
RC000349,FL003,VT008,15040.0,1200,28,1.2,10,4000,40000,4,15,False,True,2022-01-01,2026-12-31,BT003,Corporate
RC000350,FL003,VT008,17516.0,1200,28,1.2,10,4000,40000,4,15,False,True,2022-01-01,2026-12-31,BT007,Tourism / Northern Areas
RC000351,FL003,VT008,11244.0,1200,28,1.2,10,4000,40000,4,15,False,True,2022-01-01,2026-12-31,BT006,Monthly Contract
RC000352,FL003,VT008,16274.0,1200,28,1.2,10,4000,40000,4,15,False,True,2022-01-01,2026-12-31,BT004,Event
RC000353,FL003,VT009,19411.0,1800,35,1.2,10,4000,50000,4,15,False,False,2022-01-01,2026-12-31,BT002,City Ride
RC000354,FL003,VT009,20127.0,1800,35,1.2,10,4000,50000,4,15,False,True,2022-01-01,2026-12-31,BT001,Airport Transfer
RC000355,FL003,VT009,21663.0,1800,35,1.2,10,4000,50000,4,15,False,True,2022-01-01,2026-12-31,BT005,Intercity
RC000356,FL003,VT009,23245.0,1800,35,1.2,10,4000,50000,4,15,False,True,2022-01-01,2026-12-31,BT008,Wedding
RC000357,FL003,VT009,17039.0,1800,35,1.2,10,4000,50000,4,15,False,True,2022-01-01,2026-12-31,BT003,Corporate
RC000358,FL003,VT009,23515.0,1800,35,1.2,10,4000,50000,4,15,False,True,2022-01-01,2026-12-31,BT007,Tourism / Northern Areas
RC000359,FL003,VT009,13724.0,1800,35,1.2,10,4000,50000,4,15,False,True,2022-01-01,2026-12-31,BT006,Monthly Contract
RC000360,FL003,VT009,21784.0,1800,35,1.2,10,4000,50000,4,15,False,True,2022-01-01,2026-12-31,BT004,Event
RC000361,FL003,VT010,18637.0,2000,38,1.2,10,4000,55000,4,15,False,False,2022-01-01,2026-12-31,BT002,City Ride
RC000362,FL003,VT010,19781.0,2000,38,1.2,10,4000,55000,4,15,False,True,2022-01-01,2026-12-31,BT001,Airport Transfer
RC000363,FL003,VT010,21875.0,2000,38,1.2,10,4000,55000,4,15,False,True,2022-01-01,2026-12-31,BT005,Intercity
RC000364,FL003,VT010,23016.0,2000,38,1.2,10,4000,55000,4,15,False,True,2022-01-01,2026-12-31,BT008,Wedding
RC000365,FL003,VT010,19581.0,2000,38,1.2,10,4000,55000,4,15,False,True,2022-01-01,2026-12-31,BT003,Corporate
RC000366,FL003,VT010,20974.0,2000,38,1.2,10,4000,55000,4,15,False,True,2022-01-01,2026-12-31,BT007,Tourism / Northern Areas
RC000367,FL003,VT010,14120.0,2000,38,1.2,10,4000,55000,4,15,False,True,2022-01-01,2026-12-31,BT006,Monthly Contract
RC000368,FL003,VT010,23260.0,2000,38,1.2,10,4000,55000,4,15,False,True,2022-01-01,2026-12-31,BT004,Event
RC000369,FL003,VT011,26835.0,2500,50,1.2,10,4000,80000,4,15,False,False,2022-01-01,2026-12-31,BT002,City Ride
RC000370,FL003,VT011,27053.0,2500,50,1.2,10,4000,80000,4,15,False,True,2022-01-01,2026-12-31,BT001,Airport Transfer
RC000371,FL003,VT011,31601.0,2500,50,1.2,10,4000,80000,4,15,False,True,2022-01-01,2026-12-31,BT005,Intercity
RC000372,FL003,VT011,29488.0,2500,50,1.2,10,4000,80000,4,15,False,True,2022-01-01,2026-12-31,BT008,Wedding
RC000373,FL003,VT011,25188.0,2500,50,1.2,10,4000,80000,4,15,False,True,2022-01-01,2026-12-31,BT003,Corporate
RC000374,FL003,VT011,30042.0,2500,50,1.2,10,4000,80000,4,15,False,True,2022-01-01,2026-12-31,BT007,Tourism / Northern Areas
RC000375,FL003,VT011,19062.0,2500,50,1.2,10,4000,80000,4,15,False,True,2022-01-01,2026-12-31,BT006,Monthly Contract
RC000376,FL003,VT011,27292.0,2500,50,1.2,10,4000,80000,4,15,False,True,2022-01-01,2026-12-31,BT004,Event
RC000377,FL003,VT012,29304.0,3500,70,1.2,10,4000,100000,4,15,False,False,2022-01-01,2026-12-31,BT002,City Ride
RC000378,FL003,VT012,32420.0,3500,70,1.2,10,4000,100000,4,15,False,True,2022-01-01,2026-12-31,BT001,Airport Transfer
RC000379,FL003,VT012,44805.0,3500,70,1.2,10,4000,100000,4,15,False,True,2022-01-01,2026-12-31,BT005,Intercity
RC000380,FL003,VT012,36900.0,3500,70,1.2,10,4000,100000,4,15,False,True,2022-01-01,2026-12-31,BT008,Wedding
RC000381,FL003,VT012,28702.0,3500,70,1.2,10,4000,100000,4,15,False,True,2022-01-01,2026-12-31,BT003,Corporate
RC000382,FL003,VT012,37662.0,3500,70,1.2,10,4000,100000,4,15,False,True,2022-01-01,2026-12-31,BT007,Tourism / Northern Areas
RC000383,FL003,VT012,26209.0,3500,70,1.2,10,4000,100000,4,15,False,True,2022-01-01,2026-12-31,BT006,Monthly Contract
RC000384,FL003,VT012,34530.0,3500,70,1.2,10,4000,100000,4,15,False,True,2022-01-01,2026-12-31,BT004,Event
RC000385,FL003,VT013,30038.0,3000,60,1.2,10,4000,100000,4,15,False,False,2022-01-01,2026-12-31,BT002,City Ride
RC000386,FL003,VT013,32721.0,3000,60,1.2,10,4000,100000,4,15,False,True,2022-01-01,2026-12-31,BT001,Airport Transfer
RC000387,FL003,VT013,39017.0,3000,60,1.2,10,4000,100000,4,15,False,True,2022-01-01,2026-12-31,BT005,Intercity
RC000388,FL003,VT013,41300.0,3000,60,1.2,10,4000,100000,4,15,False,True,2022-01-01,2026-12-31,BT008,Wedding
RC000389,FL003,VT013,33371.0,3000,60,1.2,10,4000,100000,4,15,False,True,2022-01-01,2026-12-31,BT003,Corporate
RC000390,FL003,VT013,35230.0,3000,60,1.2,10,4000,100000,4,15,False,True,2022-01-01,2026-12-31,BT007,Tourism / Northern Areas
RC000391,FL003,VT013,23102.0,3000,60,1.2,10,4000,100000,4,15,False,True,2022-01-01,2026-12-31,BT006,Monthly Contract
RC000392,FL003,VT013,41410.0,3000,60,1.2,10,4000,100000,4,15,False,True,2022-01-01,2026-12-31,BT004,Event
RC000393,FL003,VT014,38499.0,5000,80,1.2,10,4000,150000,4,15,False,False,2022-01-01,2026-12-31,BT002,City Ride
RC000394,FL003,VT014,54584.0,5000,80,1.2,10,4000,150000,4,15,False,True,2022-01-01,2026-12-31,BT001,Airport Transfer
RC000395,FL003,VT014,60740.0,5000,80,1.2,10,4000,150000,4,15,False,True,2022-01-01,2026-12-31,BT005,Intercity
RC000396,FL003,VT014,63541.0,5000,80,1.2,10,4000,150000,4,15,False,True,2022-01-01,2026-12-31,BT008,Wedding
RC000397,FL003,VT014,60636.0,5000,80,1.2,10,4000,150000,4,15,False,True,2022-01-01,2026-12-31,BT003,Corporate
RC000398,FL003,VT014,82241.0,5000,80,1.2,10,4000,150000,4,15,False,True,2022-01-01,2026-12-31,BT007,Tourism / Northern Areas
RC000399,FL003,VT014,37256.0,5000,80,1.2,10,4000,150000,4,15,False,True,2022-01-01,2026-12-31,BT006,Monthly Contract
RC000400,FL003,VT014,74481.0,5000,80,1.2,10,4000,150000,4,15,False,True,2022-01-01,2026-12-31,BT004,Event
RC000401,FL003,VT015,112474.0,12000,200,1.2,10,4000,300000,4,15,False,False,2022-01-01,2026-12-31,BT002,City Ride
RC000402,FL003,VT015,129141.0,12000,200,1.2,10,4000,300000,4,15,False,True,2022-01-01,2026-12-31,BT001,Airport Transfer
RC000403,FL003,VT015,199962.0,12000,200,1.2,10,4000,300000,4,15,False,True,2022-01-01,2026-12-31,BT005,Intercity
RC000404,FL003,VT015,126272.0,12000,200,1.2,10,4000,300000,4,15,False,True,2022-01-01,2026-12-31,BT008,Wedding
RC000405,FL003,VT015,178084.0,12000,200,1.2,10,4000,300000,4,15,False,True,2022-01-01,2026-12-31,BT003,Corporate
RC000406,FL003,VT015,171158.0,12000,200,1.2,10,4000,300000,4,15,False,True,2022-01-01,2026-12-31,BT007,Tourism / Northern Areas
RC000407,FL003,VT015,84734.0,12000,200,1.2,10,4000,300000,4,15,False,True,2022-01-01,2026-12-31,BT006,Monthly Contract
RC000408,FL003,VT015,164924.0,12000,200,1.2,10,4000,300000,4,15,False,True,2022-01-01,2026-12-31,BT004,Event
RC000409,FL003,VT016,6134.0,600,15,1.2,10,4000,20000,4,15,False,False,2022-01-01,2026-12-31,BT002,City Ride
RC000410,FL003,VT016,7166.0,600,15,1.2,10,4000,20000,4,15,False,True,2022-01-01,2026-12-31,BT001,Airport Transfer
RC000411,FL003,VT016,7406.0,600,15,1.2,10,4000,20000,4,15,False,True,2022-01-01,2026-12-31,BT005,Intercity
RC000412,FL003,VT016,7468.0,600,15,1.2,10,4000,20000,4,15,False,True,2022-01-01,2026-12-31,BT008,Wedding
RC000413,FL003,VT016,5277.0,600,15,1.2,10,4000,20000,4,15,False,True,2022-01-01,2026-12-31,BT003,Corporate
RC000414,FL003,VT016,7968.0,600,15,1.2,10,4000,20000,4,15,False,True,2022-01-01,2026-12-31,BT007,Tourism / Northern Areas
RC000415,FL003,VT016,4976.0,600,15,1.2,10,4000,20000,4,15,False,True,2022-01-01,2026-12-31,BT006,Monthly Contract
RC000416,FL003,VT016,6495.0,600,15,1.2,10,4000,20000,4,15,False,True,2022-01-01,2026-12-31,BT004,Event
RC000417,FL003,VT017,11786.0,1100,25,1.2,10,4000,40000,4,15,False,False,2022-01-01,2026-12-31,BT002,City Ride
RC000418,FL003,VT017,11697.0,1100,25,1.2,10,4000,40000,4,15,False,True,2022-01-01,2026-12-31,BT001,Airport Transfer
RC000419,FL003,VT017,16373.0,1100,25,1.2,10,4000,40000,4,15,False,True,2022-01-01,2026-12-31,BT005,Intercity
RC000420,FL003,VT017,19578.0,1100,25,1.2,10,4000,40000,4,15,False,True,2022-01-01,2026-12-31,BT008,Wedding
RC000421,FL003,VT017,14579.0,1100,25,1.2,10,4000,40000,4,15,False,True,2022-01-01,2026-12-31,BT003,Corporate
RC000422,FL003,VT017,15951.0,1100,25,1.2,10,4000,40000,4,15,False,True,2022-01-01,2026-12-31,BT007,Tourism / Northern Areas
RC000423,FL003,VT017,9065.0,1100,25,1.2,10,4000,40000,4,15,False,True,2022-01-01,2026-12-31,BT006,Monthly Contract
RC000424,FL003,VT017,16236.0,1100,25,1.2,10,4000,40000,4,15,False,True,2022-01-01,2026-12-31,BT004,Event
RC000425,FL003,VT018,16467.0,1800,35,1.2,10,4000,50000,4,15,False,False,2022-01-01,2026-12-31,BT002,City Ride
RC000426,FL003,VT018,21501.0,1800,35,1.2,10,4000,50000,4,15,False,True,2022-01-01,2026-12-31,BT001,Airport Transfer
RC000427,FL003,VT018,20785.0,1800,35,1.2,10,4000,50000,4,15,False,True,2022-01-01,2026-12-31,BT005,Intercity
RC000428,FL003,VT018,23333.0,1800,35,1.2,10,4000,50000,4,15,False,True,2022-01-01,2026-12-31,BT008,Wedding
RC000429,FL003,VT018,20141.0,1800,35,1.2,10,4000,50000,4,15,False,True,2022-01-01,2026-12-31,BT003,Corporate
RC000430,FL003,VT018,21253.0,1800,35,1.2,10,4000,50000,4,15,False,True,2022-01-01,2026-12-31,BT007,Tourism / Northern Areas
RC000431,FL003,VT018,13153.0,1800,35,1.2,10,4000,50000,4,15,False,True,2022-01-01,2026-12-31,BT006,Monthly Contract
RC000432,FL003,VT018,22381.0,1800,35,1.2,10,4000,50000,4,15,False,True,2022-01-01,2026-12-31,BT004,Event
RC000433,FL004,VT001,4107.0,400,12,1.2,10,4000,10000,4,15,False,False,2022-01-01,2026-12-31,BT002,City Ride
RC000434,FL004,VT001,3877.0,400,12,1.2,10,4000,10000,4,15,False,True,2022-01-01,2026-12-31,BT001,Airport Transfer
RC000435,FL004,VT001,4731.0,400,12,1.2,10,4000,10000,4,15,False,True,2022-01-01,2026-12-31,BT005,Intercity
RC000436,FL004,VT001,5631.0,400,12,1.2,10,4000,10000,4,15,False,True,2022-01-01,2026-12-31,BT008,Wedding
RC000437,FL004,VT001,4013.0,400,12,1.2,10,4000,10000,4,15,False,True,2022-01-01,2026-12-31,BT003,Corporate
RC000438,FL004,VT001,5307.0,400,12,1.2,10,4000,10000,4,15,False,True,2022-01-01,2026-12-31,BT007,Tourism / Northern Areas
RC000439,FL004,VT001,3124.0,400,12,1.2,10,4000,10000,4,15,False,True,2022-01-01,2026-12-31,BT006,Monthly Contract
RC000440,FL004,VT001,5608.0,400,12,1.2,10,4000,10000,4,15,False,True,2022-01-01,2026-12-31,BT004,Event
RC000441,FL004,VT002,5789.0,500,14,1.2,10,4000,15000,4,15,False,False,2022-01-01,2026-12-31,BT002,City Ride
RC000442,FL004,VT002,5880.0,500,14,1.2,10,4000,15000,4,15,False,True,2022-01-01,2026-12-31,BT001,Airport Transfer
RC000443,FL004,VT002,6725.0,500,14,1.2,10,4000,15000,4,15,False,True,2022-01-01,2026-12-31,BT005,Intercity
RC000444,FL004,VT002,7392.0,500,14,1.2,10,4000,15000,4,15,False,True,2022-01-01,2026-12-31,BT008,Wedding
RC000445,FL004,VT002,4877.0,500,14,1.2,10,4000,15000,4,15,False,True,2022-01-01,2026-12-31,BT003,Corporate
RC000446,FL004,VT002,6463.0,500,14,1.2,10,4000,15000,4,15,False,True,2022-01-01,2026-12-31,BT007,Tourism / Northern Areas
RC000447,FL004,VT002,4454.0,500,14,1.2,10,4000,15000,4,15,False,True,2022-01-01,2026-12-31,BT006,Monthly Contract
RC000448,FL004,VT002,7013.0,500,14,1.2,10,4000,15000,4,15,False,True,2022-01-01,2026-12-31,BT004,Event
RC000449,FL004,VT003,7158.0,700,18,1.2,10,4000,20000,4,15,False,False,2022-01-01,2026-12-31,BT002,City Ride
RC000450,FL004,VT003,7762.0,700,18,1.2,10,4000,20000,4,15,False,True,2022-01-01,2026-12-31,BT001,Airport Transfer
RC000451,FL004,VT003,8616.0,700,18,1.2,10,4000,20000,4,15,False,True,2022-01-01,2026-12-31,BT005,Intercity
RC000452,FL004,VT003,6441.0,700,18,1.2,10,4000,20000,4,15,False,True,2022-01-01,2026-12-31,BT008,Wedding
RC000453,FL004,VT003,6678.0,700,18,1.2,10,4000,20000,4,15,False,True,2022-01-01,2026-12-31,BT003,Corporate
RC000454,FL004,VT003,8071.0,700,18,1.2,10,4000,20000,4,15,False,True,2022-01-01,2026-12-31,BT007,Tourism / Northern Areas
RC000455,FL004,VT003,6230.0,700,18,1.2,10,4000,20000,4,15,False,True,2022-01-01,2026-12-31,BT006,Monthly Contract
RC000456,FL004,VT003,10217.0,700,18,1.2,10,4000,20000,4,15,False,True,2022-01-01,2026-12-31,BT004,Event
RC000457,FL004,VT004,7605.0,650,17,1.2,10,4000,20000,4,15,False,False,2022-01-01,2026-12-31,BT002,City Ride
RC000458,FL004,VT004,7917.0,650,17,1.2,10,4000,20000,4,15,False,True,2022-01-01,2026-12-31,BT001,Airport Transfer
RC000459,FL004,VT004,7795.0,650,17,1.2,10,4000,20000,4,15,False,True,2022-01-01,2026-12-31,BT005,Intercity
RC000460,FL004,VT004,7769.0,650,17,1.2,10,4000,20000,4,15,False,True,2022-01-01,2026-12-31,BT008,Wedding
RC000461,FL004,VT004,7851.0,650,17,1.2,10,4000,20000,4,15,False,True,2022-01-01,2026-12-31,BT003,Corporate
RC000462,FL004,VT004,9556.0,650,17,1.2,10,4000,20000,4,15,False,True,2022-01-01,2026-12-31,BT007,Tourism / Northern Areas
RC000463,FL004,VT004,5545.0,650,17,1.2,10,4000,20000,4,15,False,True,2022-01-01,2026-12-31,BT006,Monthly Contract
RC000464,FL004,VT004,8526.0,650,17,1.2,10,4000,20000,4,15,False,True,2022-01-01,2026-12-31,BT004,Event
RC000465,FL004,VT005,11367.0,1000,22,1.2,10,4000,30000,4,15,False,False,2022-01-01,2026-12-31,BT002,City Ride
RC000466,FL004,VT005,10055.0,1000,22,1.2,10,4000,30000,4,15,False,True,2022-01-01,2026-12-31,BT001,Airport Transfer
RC000467,FL004,VT005,13178.0,1000,22,1.2,10,4000,30000,4,15,False,True,2022-01-01,2026-12-31,BT005,Intercity
RC000468,FL004,VT005,14154.0,1000,22,1.2,10,4000,30000,4,15,False,True,2022-01-01,2026-12-31,BT008,Wedding
RC000469,FL004,VT005,10703.0,1000,22,1.2,10,4000,30000,4,15,False,True,2022-01-01,2026-12-31,BT003,Corporate
RC000470,FL004,VT005,11234.0,1000,22,1.2,10,4000,30000,4,15,False,True,2022-01-01,2026-12-31,BT007,Tourism / Northern Areas
RC000471,FL004,VT005,7988.0,1000,22,1.2,10,4000,30000,4,15,False,True,2022-01-01,2026-12-31,BT006,Monthly Contract
RC000472,FL004,VT005,11431.0,1000,22,1.2,10,4000,30000,4,15,False,True,2022-01-01,2026-12-31,BT004,Event
RC000473,FL004,VT006,6528.0,800,20,1.2,10,4000,25000,4,15,False,False,2022-01-01,2026-12-31,BT002,City Ride
RC000474,FL004,VT006,6918.0,800,20,1.2,10,4000,25000,4,15,False,True,2022-01-01,2026-12-31,BT001,Airport Transfer
RC000475,FL004,VT006,8549.0,800,20,1.2,10,4000,25000,4,15,False,True,2022-01-01,2026-12-31,BT005,Intercity
RC000476,FL004,VT006,9284.0,800,20,1.2,10,4000,25000,4,15,False,True,2022-01-01,2026-12-31,BT008,Wedding
RC000477,FL004,VT006,6452.0,800,20,1.2,10,4000,25000,4,15,False,True,2022-01-01,2026-12-31,BT003,Corporate
RC000478,FL004,VT006,9848.0,800,20,1.2,10,4000,25000,4,15,False,True,2022-01-01,2026-12-31,BT007,Tourism / Northern Areas
RC000479,FL004,VT006,5478.0,800,20,1.2,10,4000,25000,4,15,False,True,2022-01-01,2026-12-31,BT006,Monthly Contract
RC000480,FL004,VT006,7942.0,800,20,1.2,10,4000,25000,4,15,False,True,2022-01-01,2026-12-31,BT004,Event
RC000481,FL004,VT007,12902.0,1200,28,1.2,10,4000,40000,4,15,False,False,2022-01-01,2026-12-31,BT002,City Ride
RC000482,FL004,VT007,15337.0,1200,28,1.2,10,4000,40000,4,15,False,True,2022-01-01,2026-12-31,BT001,Airport Transfer
RC000483,FL004,VT007,15961.0,1200,28,1.2,10,4000,40000,4,15,False,True,2022-01-01,2026-12-31,BT005,Intercity
RC000484,FL004,VT007,17923.0,1200,28,1.2,10,4000,40000,4,15,False,True,2022-01-01,2026-12-31,BT008,Wedding
RC000485,FL004,VT007,14500.0,1200,28,1.2,10,4000,40000,4,15,False,True,2022-01-01,2026-12-31,BT003,Corporate
RC000486,FL004,VT007,15827.0,1200,28,1.2,10,4000,40000,4,15,False,True,2022-01-01,2026-12-31,BT007,Tourism / Northern Areas
RC000487,FL004,VT007,9078.0,1200,28,1.2,10,4000,40000,4,15,False,True,2022-01-01,2026-12-31,BT006,Monthly Contract
RC000488,FL004,VT007,16344.0,1200,28,1.2,10,4000,40000,4,15,False,True,2022-01-01,2026-12-31,BT004,Event
RC000489,FL004,VT008,12977.0,1200,28,1.2,10,4000,40000,4,15,False,False,2022-01-01,2026-12-31,BT002,City Ride
RC000490,FL004,VT008,14100.0,1200,28,1.2,10,4000,40000,4,15,False,True,2022-01-01,2026-12-31,BT001,Airport Transfer
RC000491,FL004,VT008,14147.0,1200,28,1.2,10,4000,40000,4,15,False,True,2022-01-01,2026-12-31,BT005,Intercity
RC000492,FL004,VT008,19429.0,1200,28,1.2,10,4000,40000,4,15,False,True,2022-01-01,2026-12-31,BT008,Wedding
RC000493,FL004,VT008,16160.0,1200,28,1.2,10,4000,40000,4,15,False,True,2022-01-01,2026-12-31,BT003,Corporate
RC000494,FL004,VT008,15703.0,1200,28,1.2,10,4000,40000,4,15,False,True,2022-01-01,2026-12-31,BT007,Tourism / Northern Areas
RC000495,FL004,VT008,11306.0,1200,28,1.2,10,4000,40000,4,15,False,True,2022-01-01,2026-12-31,BT006,Monthly Contract
RC000496,FL004,VT008,16152.0,1200,28,1.2,10,4000,40000,4,15,False,True,2022-01-01,2026-12-31,BT004,Event
RC000497,FL004,VT009,17087.0,1800,35,1.2,10,4000,50000,4,15,False,False,2022-01-01,2026-12-31,BT002,City Ride
RC000498,FL004,VT009,20407.0,1800,35,1.2,10,4000,50000,4,15,False,True,2022-01-01,2026-12-31,BT001,Airport Transfer
RC000499,FL004,VT009,21169.0,1800,35,1.2,10,4000,50000,4,15,False,True,2022-01-01,2026-12-31,BT005,Intercity
RC000500,FL004,VT009,20643.0,1800,35,1.2,10,4000,50000,4,15,False,True,2022-01-01,2026-12-31,BT008,Wedding
RC000501,FL004,VT009,18391.0,1800,35,1.2,10,4000,50000,4,15,False,True,2022-01-01,2026-12-31,BT003,Corporate
RC000502,FL004,VT009,21156.0,1800,35,1.2,10,4000,50000,4,15,False,True,2022-01-01,2026-12-31,BT007,Tourism / Northern Areas
RC000503,FL004,VT009,13904.0,1800,35,1.2,10,4000,50000,4,15,False,True,2022-01-01,2026-12-31,BT006,Monthly Contract
RC000504,FL004,VT009,21440.0,1800,35,1.2,10,4000,50000,4,15,False,True,2022-01-01,2026-12-31,BT004,Event
RC000505,FL004,VT010,19186.0,2000,38,1.2,10,4000,55000,4,15,False,False,2022-01-01,2026-12-31,BT002,City Ride
RC000506,FL004,VT010,19975.0,2000,38,1.2,10,4000,55000,4,15,False,True,2022-01-01,2026-12-31,BT001,Airport Transfer
RC000507,FL004,VT010,24302.0,2000,38,1.2,10,4000,55000,4,15,False,True,2022-01-01,2026-12-31,BT005,Intercity
RC000508,FL004,VT010,24206.0,2000,38,1.2,10,4000,55000,4,15,False,True,2022-01-01,2026-12-31,BT008,Wedding
RC000509,FL004,VT010,20054.0,2000,38,1.2,10,4000,55000,4,15,False,True,2022-01-01,2026-12-31,BT003,Corporate
RC000510,FL004,VT010,21789.0,2000,38,1.2,10,4000,55000,4,15,False,True,2022-01-01,2026-12-31,BT007,Tourism / Northern Areas
RC000511,FL004,VT010,13966.0,2000,38,1.2,10,4000,55000,4,15,False,True,2022-01-01,2026-12-31,BT006,Monthly Contract
RC000512,FL004,VT010,20893.0,2000,38,1.2,10,4000,55000,4,15,False,True,2022-01-01,2026-12-31,BT004,Event
RC000513,FL004,VT011,27034.0,2500,50,1.2,10,4000,80000,4,15,False,False,2022-01-01,2026-12-31,BT002,City Ride
RC000514,FL004,VT011,26188.0,2500,50,1.2,10,4000,80000,4,15,False,True,2022-01-01,2026-12-31,BT001,Airport Transfer
RC000515,FL004,VT011,27125.0,2500,50,1.2,10,4000,80000,4,15,False,True,2022-01-01,2026-12-31,BT005,Intercity
RC000516,FL004,VT011,28072.0,2500,50,1.2,10,4000,80000,4,15,False,True,2022-01-01,2026-12-31,BT008,Wedding
RC000517,FL004,VT011,25139.0,2500,50,1.2,10,4000,80000,4,15,False,True,2022-01-01,2026-12-31,BT003,Corporate
RC000518,FL004,VT011,31224.0,2500,50,1.2,10,4000,80000,4,15,False,True,2022-01-01,2026-12-31,BT007,Tourism / Northern Areas
RC000519,FL004,VT011,18693.0,2500,50,1.2,10,4000,80000,4,15,False,True,2022-01-01,2026-12-31,BT006,Monthly Contract
RC000520,FL004,VT011,27299.0,2500,50,1.2,10,4000,80000,4,15,False,True,2022-01-01,2026-12-31,BT004,Event
RC000521,FL004,VT012,32579.0,3500,70,1.2,10,4000,100000,4,15,False,False,2022-01-01,2026-12-31,BT002,City Ride
RC000522,FL004,VT012,31996.0,3500,70,1.2,10,4000,100000,4,15,False,True,2022-01-01,2026-12-31,BT001,Airport Transfer
RC000523,FL004,VT012,45997.0,3500,70,1.2,10,4000,100000,4,15,False,True,2022-01-01,2026-12-31,BT005,Intercity
RC000524,FL004,VT012,45423.0,3500,70,1.2,10,4000,100000,4,15,False,True,2022-01-01,2026-12-31,BT008,Wedding
RC000525,FL004,VT012,33840.0,3500,70,1.2,10,4000,100000,4,15,False,True,2022-01-01,2026-12-31,BT003,Corporate
RC000526,FL004,VT012,44362.0,3500,70,1.2,10,4000,100000,4,15,False,True,2022-01-01,2026-12-31,BT007,Tourism / Northern Areas
RC000527,FL004,VT012,25974.0,3500,70,1.2,10,4000,100000,4,15,False,True,2022-01-01,2026-12-31,BT006,Monthly Contract
RC000528,FL004,VT012,43476.0,3500,70,1.2,10,4000,100000,4,15,False,True,2022-01-01,2026-12-31,BT004,Event
RC000529,FL004,VT013,34783.0,3000,60,1.2,10,4000,100000,4,15,False,False,2022-01-01,2026-12-31,BT002,City Ride
RC000530,FL004,VT013,38049.0,3000,60,1.2,10,4000,100000,4,15,False,True,2022-01-01,2026-12-31,BT001,Airport Transfer
RC000531,FL004,VT013,39504.0,3000,60,1.2,10,4000,100000,4,15,False,True,2022-01-01,2026-12-31,BT005,Intercity
RC000532,FL004,VT013,37365.0,3000,60,1.2,10,4000,100000,4,15,False,True,2022-01-01,2026-12-31,BT008,Wedding
RC000533,FL004,VT013,30357.0,3000,60,1.2,10,4000,100000,4,15,False,True,2022-01-01,2026-12-31,BT003,Corporate
RC000534,FL004,VT013,41255.0,3000,60,1.2,10,4000,100000,4,15,False,True,2022-01-01,2026-12-31,BT007,Tourism / Northern Areas
RC000535,FL004,VT013,23419.0,3000,60,1.2,10,4000,100000,4,15,False,True,2022-01-01,2026-12-31,BT006,Monthly Contract
RC000536,FL004,VT013,41330.0,3000,60,1.2,10,4000,100000,4,15,False,True,2022-01-01,2026-12-31,BT004,Event
RC000537,FL004,VT014,60627.0,5000,80,1.2,10,4000,150000,4,15,False,False,2022-01-01,2026-12-31,BT002,City Ride
RC000538,FL004,VT014,72038.0,5000,80,1.2,10,4000,150000,4,15,False,True,2022-01-01,2026-12-31,BT001,Airport Transfer
RC000539,FL004,VT014,70993.0,5000,80,1.2,10,4000,150000,4,15,False,True,2022-01-01,2026-12-31,BT005,Intercity
RC000540,FL004,VT014,46634.0,5000,80,1.2,10,4000,150000,4,15,False,True,2022-01-01,2026-12-31,BT008,Wedding
RC000541,FL004,VT014,75054.0,5000,80,1.2,10,4000,150000,4,15,False,True,2022-01-01,2026-12-31,BT003,Corporate
RC000542,FL004,VT014,71101.0,5000,80,1.2,10,4000,150000,4,15,False,True,2022-01-01,2026-12-31,BT007,Tourism / Northern Areas
RC000543,FL004,VT014,39360.0,5000,80,1.2,10,4000,150000,4,15,False,True,2022-01-01,2026-12-31,BT006,Monthly Contract
RC000544,FL004,VT014,63234.0,5000,80,1.2,10,4000,150000,4,15,False,True,2022-01-01,2026-12-31,BT004,Event
RC000545,FL004,VT015,109563.0,12000,200,1.2,10,4000,300000,4,15,False,False,2022-01-01,2026-12-31,BT002,City Ride
RC000546,FL004,VT015,173750.0,12000,200,1.2,10,4000,300000,4,15,False,True,2022-01-01,2026-12-31,BT001,Airport Transfer
RC000547,FL004,VT015,115241.0,12000,200,1.2,10,4000,300000,4,15,False,True,2022-01-01,2026-12-31,BT005,Intercity
RC000548,FL004,VT015,165915.0,12000,200,1.2,10,4000,300000,4,15,False,True,2022-01-01,2026-12-31,BT008,Wedding
RC000549,FL004,VT015,160523.0,12000,200,1.2,10,4000,300000,4,15,False,True,2022-01-01,2026-12-31,BT003,Corporate
RC000550,FL004,VT015,124457.0,12000,200,1.2,10,4000,300000,4,15,False,True,2022-01-01,2026-12-31,BT007,Tourism / Northern Areas
RC000551,FL004,VT015,107516.0,12000,200,1.2,10,4000,300000,4,15,False,True,2022-01-01,2026-12-31,BT006,Monthly Contract
RC000552,FL004,VT015,175624.0,12000,200,1.2,10,4000,300000,4,15,False,True,2022-01-01,2026-12-31,BT004,Event
RC000553,FL004,VT016,6811.0,600,15,1.2,10,4000,20000,4,15,False,False,2022-01-01,2026-12-31,BT002,City Ride
RC000554,FL004,VT016,5671.0,600,15,1.2,10,4000,20000,4,15,False,True,2022-01-01,2026-12-31,BT001,Airport Transfer
RC000555,FL004,VT016,5864.0,600,15,1.2,10,4000,20000,4,15,False,True,2022-01-01,2026-12-31,BT005,Intercity
RC000556,FL004,VT016,7667.0,600,15,1.2,10,4000,20000,4,15,False,True,2022-01-01,2026-12-31,BT008,Wedding
RC000557,FL004,VT016,5253.0,600,15,1.2,10,4000,20000,4,15,False,True,2022-01-01,2026-12-31,BT003,Corporate
RC000558,FL004,VT016,8343.0,600,15,1.2,10,4000,20000,4,15,False,True,2022-01-01,2026-12-31,BT007,Tourism / Northern Areas
RC000559,FL004,VT016,4619.0,600,15,1.2,10,4000,20000,4,15,False,True,2022-01-01,2026-12-31,BT006,Monthly Contract
RC000560,FL004,VT016,7622.0,600,15,1.2,10,4000,20000,4,15,False,True,2022-01-01,2026-12-31,BT004,Event
RC000561,FL004,VT017,13364.0,1100,25,1.2,10,4000,40000,4,15,False,False,2022-01-01,2026-12-31,BT002,City Ride
RC000562,FL004,VT017,15707.0,1100,25,1.2,10,4000,40000,4,15,False,True,2022-01-01,2026-12-31,BT001,Airport Transfer
RC000563,FL004,VT017,13991.0,1100,25,1.2,10,4000,40000,4,15,False,True,2022-01-01,2026-12-31,BT005,Intercity
RC000564,FL004,VT017,18885.0,1100,25,1.2,10,4000,40000,4,15,False,True,2022-01-01,2026-12-31,BT008,Wedding
RC000565,FL004,VT017,15485.0,1100,25,1.2,10,4000,40000,4,15,False,True,2022-01-01,2026-12-31,BT003,Corporate
RC000566,FL004,VT017,19183.0,1100,25,1.2,10,4000,40000,4,15,False,True,2022-01-01,2026-12-31,BT007,Tourism / Northern Areas
RC000567,FL004,VT017,8735.0,1100,25,1.2,10,4000,40000,4,15,False,True,2022-01-01,2026-12-31,BT006,Monthly Contract
RC000568,FL004,VT017,16968.0,1100,25,1.2,10,4000,40000,4,15,False,True,2022-01-01,2026-12-31,BT004,Event
RC000569,FL004,VT018,18997.0,1800,35,1.2,10,4000,50000,4,15,False,False,2022-01-01,2026-12-31,BT002,City Ride
RC000570,FL004,VT018,20540.0,1800,35,1.2,10,4000,50000,4,15,False,True,2022-01-01,2026-12-31,BT001,Airport Transfer
RC000571,FL004,VT018,19747.0,1800,35,1.2,10,4000,50000,4,15,False,True,2022-01-01,2026-12-31,BT005,Intercity
RC000572,FL004,VT018,20126.0,1800,35,1.2,10,4000,50000,4,15,False,True,2022-01-01,2026-12-31,BT008,Wedding
RC000573,FL004,VT018,20038.0,1800,35,1.2,10,4000,50000,4,15,False,True,2022-01-01,2026-12-31,BT003,Corporate
RC000574,FL004,VT018,20574.0,1800,35,1.2,10,4000,50000,4,15,False,True,2022-01-01,2026-12-31,BT007,Tourism / Northern Areas
RC000575,FL004,VT018,13601.0,1800,35,1.2,10,4000,50000,4,15,False,True,2022-01-01,2026-12-31,BT006,Monthly Contract
RC000576,FL004,VT018,19539.0,1800,35,1.2,10,4000,50000,4,15,False,True,2022-01-01,2026-12-31,BT004,Event
