attr_id,vehicle_id,attr_name,attr_value
VA00001,VH00001,engine_cc,1300
VA00002,VH00001,abs,True
VA00003,VH00001,airbags,4
VA00004,VH00001,central_locking,True
VA00005,VH00001,reverse_camera,True
VA00006,VH00001,sunroof,False
VA00007,VH00001,push_start,False
VA00008,VH00001,heated_seats,False
VA00009,VH00001,leather_interior,True
VA00010,VH00001,infotainment,Android
VA00011,VH00001,child_seat_avail,True
VA00012,VH00002,engine_cc,1000
VA00013,VH00002,abs,True
VA00014,VH00002,airbags,6
VA00015,VH00002,central_locking,True
VA00016,VH00002,reverse_camera,True
VA00017,VH00002,sunroof,False
VA00018,VH00002,push_start,True
VA00019,VH00002,heated_seats,False
VA00020,VH00002,leather_interior,False
VA00021,VH00002,infotainment,None
VA00022,VH00002,child_seat_avail,False
VA00023,VH00003,engine_cc,1600
VA00024,VH00003,abs,True
VA00025,VH00003,airbags,6
VA00026,VH00003,central_locking,True
VA00027,VH00003,reverse_camera,False
VA00028,VH00003,sunroof,False
VA00029,VH00003,push_start,True
VA00030,VH00003,heated_seats,False
VA00031,VH00003,leather_interior,False
VA00032,VH00003,infotainment,Android
VA00033,VH00003,child_seat_avail,False
VA00034,VH00004,engine_cc,660
VA00035,VH00004,abs,True
VA00036,VH00004,airbags,0
VA00037,VH00004,central_locking,True
VA00038,VH00004,reverse_camera,True
VA00039,VH00004,sunroof,False
VA00040,VH00004,push_start,False
VA00041,VH00004,heated_seats,True
VA00042,VH00004,leather_interior,False
VA00043,VH00004,infotainment,Apple CarPlay
VA00044,VH00004,child_seat_avail,True
VA00045,VH00005,engine_cc,1500
VA00046,VH00005,abs,True
VA00047,VH00005,airbags,2
VA00048,VH00005,central_locking,True
VA00049,VH00005,reverse_camera,False
VA00050,VH00005,sunroof,True
VA00051,VH00005,push_start,True
VA00052,VH00005,heated_seats,True
VA00053,VH00005,leather_interior,False
VA00054,VH00005,infotainment,Basic
VA00055,VH00005,child_seat_avail,True
VA00056,VH00006,engine_cc,1600
VA00057,VH00006,abs,True
VA00058,VH00006,airbags,2
VA00059,VH00006,central_locking,True
VA00060,VH00006,reverse_camera,True
VA00061,VH00006,sunroof,False
VA00062,VH00006,push_start,True
VA00063,VH00006,heated_seats,True
VA00064,VH00006,leather_interior,True
VA00065,VH00006,infotainment,Android
VA00066,VH00006,child_seat_avail,True
VA00067,VH00007,engine_cc,1000
VA00068,VH00007,abs,True
VA00069,VH00007,airbags,4
VA00070,VH00007,central_locking,True
VA00071,VH00007,reverse_camera,True
VA00072,VH00007,sunroof,True
VA00073,VH00007,push_start,True
VA00074,VH00007,heated_seats,True
VA00075,VH00007,leather_interior,True
VA00076,VH00007,infotainment,Apple CarPlay
VA00077,VH00007,child_seat_avail,False
VA00078,VH00008,engine_cc,2700
VA00079,VH00008,abs,True
VA00080,VH00008,airbags,6
VA00081,VH00008,central_locking,True
VA00082,VH00008,reverse_camera,True
VA00083,VH00008,sunroof,False
VA00084,VH00008,push_start,False
VA00085,VH00008,heated_seats,False
VA00086,VH00008,leather_interior,False
VA00087,VH00008,infotainment,None
VA00088,VH00008,child_seat_avail,True
VA00089,VH00009,engine_cc,1500
VA00090,VH00009,abs,True
VA00091,VH00009,airbags,4
VA00092,VH00009,central_locking,True
VA00093,VH00009,reverse_camera,True
VA00094,VH00009,sunroof,False
VA00095,VH00009,push_start,True
VA00096,VH00009,heated_seats,False
VA00097,VH00009,leather_interior,False
VA00098,VH00009,infotainment,None
VA00099,VH00009,child_seat_avail,True
VA00100,VH00010,engine_cc,1200
VA00101,VH00010,abs,True
VA00102,VH00010,airbags,0
VA00103,VH00010,central_locking,True
VA00104,VH00010,reverse_camera,True
VA00105,VH00010,sunroof,False
VA00106,VH00010,push_start,True
VA00107,VH00010,heated_seats,False
VA00108,VH00010,leather_interior,False
VA00109,VH00010,infotainment,Android
VA00110,VH00010,child_seat_avail,False
VA00111,VH00011,engine_cc,1600
VA00112,VH00011,abs,True
VA00113,VH00011,airbags,2
VA00114,VH00011,central_locking,True
VA00115,VH00011,reverse_camera,True
VA00116,VH00011,sunroof,False
VA00117,VH00011,push_start,False
VA00118,VH00011,heated_seats,False
VA00119,VH00011,leather_interior,True
VA00120,VH00011,infotainment,Android
VA00121,VH00011,child_seat_avail,False
VA00122,VH00012,engine_cc,1300
VA00123,VH00012,abs,True
VA00124,VH00012,airbags,0
VA00125,VH00012,central_locking,True
VA00126,VH00012,reverse_camera,True
VA00127,VH00012,sunroof,False
VA00128,VH00012,push_start,True
VA00129,VH00012,heated_seats,False
VA00130,VH00012,leather_interior,True
VA00131,VH00012,infotainment,Basic
VA00132,VH00012,child_seat_avail,False
VA00133,VH00013,engine_cc,1600
VA00134,VH00013,abs,False
VA00135,VH00013,airbags,4
VA00136,VH00013,central_locking,True
VA00137,VH00013,reverse_camera,False
VA00138,VH00013,sunroof,True
VA00139,VH00013,push_start,False
VA00140,VH00013,heated_seats,False
VA00141,VH00013,leather_interior,True
VA00142,VH00013,infotainment,Apple CarPlay
VA00143,VH00013,child_seat_avail,True
VA00144,VH00014,engine_cc,2000
VA00145,VH00014,abs,True
VA00146,VH00014,airbags,2
VA00147,VH00014,central_locking,True
VA00148,VH00014,reverse_camera,True
VA00149,VH00014,sunroof,False
VA00150,VH00014,push_start,True
VA00151,VH00014,heated_seats,False
VA00152,VH00014,leather_interior,False
VA00153,VH00014,infotainment,Android
VA00154,VH00014,child_seat_avail,False
VA00155,VH00015,engine_cc,2700
VA00156,VH00015,abs,True
VA00157,VH00015,airbags,0
VA00158,VH00015,central_locking,True
VA00159,VH00015,reverse_camera,False
VA00160,VH00015,sunroof,False
VA00161,VH00015,push_start,False
VA00162,VH00015,heated_seats,False
VA00163,VH00015,leather_interior,False
VA00164,VH00015,infotainment,Basic
VA00165,VH00015,child_seat_avail,False
VA00166,VH00016,engine_cc,3000
VA00167,VH00016,abs,True
VA00168,VH00016,airbags,6
VA00169,VH00016,central_locking,False
VA00170,VH00016,reverse_camera,False
VA00171,VH00016,sunroof,False
VA00172,VH00016,push_start,True
VA00173,VH00016,heated_seats,False
VA00174,VH00016,leather_interior,False
VA00175,VH00016,infotainment,Apple CarPlay
VA00176,VH00016,child_seat_avail,False
VA00177,VH00017,engine_cc,4000
VA00178,VH00017,abs,False
VA00179,VH00017,airbags,0
VA00180,VH00017,central_locking,True
VA00181,VH00017,reverse_camera,False
VA00182,VH00017,sunroof,False
VA00183,VH00017,push_start,True
VA00184,VH00017,heated_seats,False
VA00185,VH00017,leather_interior,False
VA00186,VH00017,infotainment,Apple CarPlay
VA00187,VH00017,child_seat_avail,False
VA00188,VH00018,engine_cc,1200
VA00189,VH00018,abs,True
VA00190,VH00018,airbags,6
VA00191,VH00018,central_locking,True
VA00192,VH00018,reverse_camera,True
VA00193,VH00018,sunroof,False
VA00194,VH00018,push_start,False
VA00195,VH00018,heated_seats,False
VA00196,VH00018,leather_interior,False
VA00197,VH00018,infotainment,Apple CarPlay
VA00198,VH00018,child_seat_avail,False
VA00199,VH00019,engine_cc,1600
VA00200,VH00019,abs,True
VA00201,VH00019,airbags,0
VA00202,VH00019,central_locking,True
VA00203,VH00019,reverse_camera,True
VA00204,VH00019,sunroof,False
VA00205,VH00019,push_start,False
VA00206,VH00019,heated_seats,False
VA00207,VH00019,leather_interior,False
VA00208,VH00019,infotainment,Apple CarPlay
VA00209,VH00019,child_seat_avail,False
VA00210,VH00020,engine_cc,2000
VA00211,VH00020,abs,False
VA00212,VH00020,airbags,6
VA00213,VH00020,central_locking,True
VA00214,VH00020,reverse_camera,True
VA00215,VH00020,sunroof,False
VA00216,VH00020,push_start,False
VA00217,VH00020,heated_seats,False
VA00218,VH00020,leather_interior,False
VA00219,VH00020,infotainment,Apple CarPlay
VA00220,VH00020,child_seat_avail,False
VA00221,VH00021,engine_cc,4000
VA00222,VH00021,abs,False
VA00223,VH00021,airbags,4
VA00224,VH00021,central_locking,True
VA00225,VH00021,reverse_camera,True
VA00226,VH00021,sunroof,True
VA00227,VH00021,push_start,True
VA00228,VH00021,heated_seats,False
VA00229,VH00021,leather_interior,False
VA00230,VH00021,infotainment,Basic
VA00231,VH00021,child_seat_avail,False
VA00232,VH00022,engine_cc,1300
VA00233,VH00022,abs,True
VA00234,VH00022,airbags,2
VA00235,VH00022,central_locking,True
VA00236,VH00022,reverse_camera,False
VA00237,VH00022,sunroof,False
VA00238,VH00022,push_start,False
VA00239,VH00022,heated_seats,False
VA00240,VH00022,leather_interior,False
VA00241,VH00022,infotainment,None
VA00242,VH00022,child_seat_avail,False
VA00243,VH00023,engine_cc,1500
VA00244,VH00023,abs,False
VA00245,VH00023,airbags,6
VA00246,VH00023,central_locking,True
VA00247,VH00023,reverse_camera,True
VA00248,VH00023,sunroof,False
VA00249,VH00023,push_start,False
VA00250,VH00023,heated_seats,False
VA00251,VH00023,leather_interior,True
VA00252,VH00023,infotainment,Android
VA00253,VH00023,child_seat_avail,True
VA00254,VH00024,engine_cc,3000
VA00255,VH00024,abs,True
VA00256,VH00024,airbags,0
VA00257,VH00024,central_locking,True
VA00258,VH00024,reverse_camera,False
VA00259,VH00024,sunroof,False
VA00260,VH00024,push_start,True
VA00261,VH00024,heated_seats,False
VA00262,VH00024,leather_interior,True
VA00263,VH00024,infotainment,Apple CarPlay
VA00264,VH00024,child_seat_avail,True
VA00265,VH00025,engine_cc,1500
VA00266,VH00025,abs,True
VA00267,VH00025,airbags,6
VA00268,VH00025,central_locking,True
VA00269,VH00025,reverse_camera,True
VA00270,VH00025,sunroof,False
VA00271,VH00025,push_start,False
VA00272,VH00025,heated_seats,False
VA00273,VH00025,leather_interior,True
VA00274,VH00025,infotainment,Basic
VA00275,VH00025,child_seat_avail,False
VA00276,VH00026,engine_cc,2000
VA00277,VH00026,abs,True
VA00278,VH00026,airbags,4
VA00279,VH00026,central_locking,True
VA00280,VH00026,reverse_camera,True
VA00281,VH00026,sunroof,False
VA00282,VH00026,push_start,True
VA00283,VH00026,heated_seats,True
VA00284,VH00026,leather_interior,True
VA00285,VH00026,infotainment,None
VA00286,VH00026,child_seat_avail,False
VA00287,VH00027,engine_cc,1200
VA00288,VH00027,abs,True
VA00289,VH00027,airbags,0
VA00290,VH00027,central_locking,True
VA00291,VH00027,reverse_camera,True
VA00292,VH00027,sunroof,False
VA00293,VH00027,push_start,False
VA00294,VH00027,heated_seats,False
VA00295,VH00027,leather_interior,True
VA00296,VH00027,infotainment,Basic
VA00297,VH00027,child_seat_avail,False
VA00298,VH00028,engine_cc,1500
VA00299,VH00028,abs,False
VA00300,VH00028,airbags,6
VA00301,VH00028,central_locking,True
VA00302,VH00028,reverse_camera,True
VA00303,VH00028,sunroof,False
VA00304,VH00028,push_start,True
VA00305,VH00028,heated_seats,False
VA00306,VH00028,leather_interior,False
VA00307,VH00028,infotainment,Android
VA00308,VH00028,child_seat_avail,False
VA00309,VH00029,engine_cc,2700
VA00310,VH00029,abs,True
VA00311,VH00029,airbags,6
VA00312,VH00029,central_locking,True
VA00313,VH00029,reverse_camera,True
VA00314,VH00029,sunroof,False
VA00315,VH00029,push_start,False
VA00316,VH00029,heated_seats,True
VA00317,VH00029,leather_interior,False
VA00318,VH00029,infotainment,Android
VA00319,VH00029,child_seat_avail,False
VA00320,VH00030,engine_cc,1200
VA00321,VH00030,abs,True
VA00322,VH00030,airbags,0
VA00323,VH00030,central_locking,True
VA00324,VH00030,reverse_camera,False
VA00325,VH00030,sunroof,False
VA00326,VH00030,push_start,True
VA00327,VH00030,heated_seats,True
VA00328,VH00030,leather_interior,False
VA00329,VH00030,infotainment,Basic
VA00330,VH00030,child_seat_avail,True
VA00331,VH00031,engine_cc,2000
VA00332,VH00031,abs,True
VA00333,VH00031,airbags,6
VA00334,VH00031,central_locking,True
VA00335,VH00031,reverse_camera,True
VA00336,VH00031,sunroof,False
VA00337,VH00031,push_start,True
VA00338,VH00031,heated_seats,False
VA00339,VH00031,leather_interior,False
VA00340,VH00031,infotainment,Android
VA00341,VH00031,child_seat_avail,False
VA00342,VH00032,engine_cc,1200
VA00343,VH00032,abs,True
VA00344,VH00032,airbags,0
VA00345,VH00032,central_locking,True
VA00346,VH00032,reverse_camera,True
VA00347,VH00032,sunroof,False
VA00348,VH00032,push_start,False
VA00349,VH00032,heated_seats,True
VA00350,VH00032,leather_interior,True
VA00351,VH00032,infotainment,Apple CarPlay
VA00352,VH00032,child_seat_avail,True
VA00353,VH00033,engine_cc,3000
VA00354,VH00033,abs,True
VA00355,VH00033,airbags,6
VA00356,VH00033,central_locking,True
VA00357,VH00033,reverse_camera,True
VA00358,VH00033,sunroof,False
VA00359,VH00033,push_start,False
VA00360,VH00033,heated_seats,False
VA00361,VH00033,leather_interior,False
VA00362,VH00033,infotainment,Android
VA00363,VH00033,child_seat_avail,True
VA00364,VH00034,engine_cc,3000
VA00365,VH00034,abs,True
VA00366,VH00034,airbags,2
VA00367,VH00034,central_locking,False
VA00368,VH00034,reverse_camera,False
VA00369,VH00034,sunroof,False
VA00370,VH00034,push_start,False
VA00371,VH00034,heated_seats,False
VA00372,VH00034,leather_interior,True
VA00373,VH00034,infotainment,Android
VA00374,VH00034,child_seat_avail,False
VA00375,VH00035,engine_cc,1600
VA00376,VH00035,abs,True
VA00377,VH00035,airbags,2
VA00378,VH00035,central_locking,True
VA00379,VH00035,reverse_camera,True
VA00380,VH00035,sunroof,False
VA00381,VH00035,push_start,False
VA00382,VH00035,heated_seats,False
VA00383,VH00035,leather_interior,False
VA00384,VH00035,infotainment,Basic
VA00385,VH00035,child_seat_avail,False
VA00386,VH00036,engine_cc,3000
VA00387,VH00036,abs,True
VA00388,VH00036,airbags,0
VA00389,VH00036,central_locking,True
VA00390,VH00036,reverse_camera,False
VA00391,VH00036,sunroof,False
VA00392,VH00036,push_start,True
VA00393,VH00036,heated_seats,False
VA00394,VH00036,leather_interior,False
VA00395,VH00036,infotainment,None
VA00396,VH00036,child_seat_avail,False
VA00397,VH00037,engine_cc,3000
VA00398,VH00037,abs,False
VA00399,VH00037,airbags,6
VA00400,VH00037,central_locking,False
VA00401,VH00037,reverse_camera,True
VA00402,VH00037,sunroof,False
VA00403,VH00037,push_start,False
VA00404,VH00037,heated_seats,True
VA00405,VH00037,leather_interior,False
VA00406,VH00037,infotainment,Basic
VA00407,VH00037,child_seat_avail,False
VA00408,VH00038,engine_cc,660
VA00409,VH00038,abs,True
VA00410,VH00038,airbags,4
VA00411,VH00038,central_locking,True
VA00412,VH00038,reverse_camera,True
VA00413,VH00038,sunroof,False
VA00414,VH00038,push_start,False
VA00415,VH00038,heated_seats,False
VA00416,VH00038,leather_interior,False
VA00417,VH00038,infotainment,None
VA00418,VH00038,child_seat_avail,False
VA00419,VH00039,engine_cc,1500
VA00420,VH00039,abs,True
VA00421,VH00039,airbags,4
VA00422,VH00039,central_locking,True
VA00423,VH00039,reverse_camera,True
VA00424,VH00039,sunroof,False
VA00425,VH00039,push_start,True
VA00426,VH00039,heated_seats,False
VA00427,VH00039,leather_interior,False
VA00428,VH00039,infotainment,Apple CarPlay
VA00429,VH00039,child_seat_avail,True
VA00430,VH00040,engine_cc,2000
VA00431,VH00040,abs,True
VA00432,VH00040,airbags,6
VA00433,VH00040,central_locking,True
VA00434,VH00040,reverse_camera,True
VA00435,VH00040,sunroof,False
VA00436,VH00040,push_start,True
VA00437,VH00040,heated_seats,True
VA00438,VH00040,leather_interior,False
VA00439,VH00040,infotainment,Apple CarPlay
VA00440,VH00040,child_seat_avail,False
VA00441,VH00041,engine_cc,1600
VA00442,VH00041,abs,True
VA00443,VH00041,airbags,0
VA00444,VH00041,central_locking,True
VA00445,VH00041,reverse_camera,True
VA00446,VH00041,sunroof,True
VA00447,VH00041,push_start,True
VA00448,VH00041,heated_seats,False
VA00449,VH00041,leather_interior,False
VA00450,VH00041,infotainment,Apple CarPlay
VA00451,VH00041,child_seat_avail,False
VA00452,VH00042,engine_cc,1000
VA00453,VH00042,abs,True
VA00454,VH00042,airbags,2
VA00455,VH00042,central_locking,False
VA00456,VH00042,reverse_camera,True
VA00457,VH00042,sunroof,False
VA00458,VH00042,push_start,False
VA00459,VH00042,heated_seats,False
VA00460,VH00042,leather_interior,True
VA00461,VH00042,infotainment,Basic
VA00462,VH00042,child_seat_avail,False
VA00463,VH00043,engine_cc,1500
VA00464,VH00043,abs,True
VA00465,VH00043,airbags,4
VA00466,VH00043,central_locking,True
VA00467,VH00043,reverse_camera,True
VA00468,VH00043,sunroof,False
VA00469,VH00043,push_start,True
VA00470,VH00043,heated_seats,False
VA00471,VH00043,leather_interior,True
VA00472,VH00043,infotainment,None
VA00473,VH00043,child_seat_avail,False
VA00474,VH00044,engine_cc,2700
VA00475,VH00044,abs,True
VA00476,VH00044,airbags,2
VA00477,VH00044,central_locking,True
VA00478,VH00044,reverse_camera,False
VA00479,VH00044,sunroof,False
VA00480,VH00044,push_start,False
VA00481,VH00044,heated_seats,False
VA00482,VH00044,leather_interior,True
VA00483,VH00044,infotainment,Android
VA00484,VH00044,child_seat_avail,True
VA00485,VH00045,engine_cc,3000
VA00486,VH00045,abs,True
VA00487,VH00045,airbags,4
VA00488,VH00045,central_locking,True
VA00489,VH00045,reverse_camera,False
VA00490,VH00045,sunroof,False
VA00491,VH00045,push_start,False
VA00492,VH00045,heated_seats,False
VA00493,VH00045,leather_interior,False
VA00494,VH00045,infotainment,Apple CarPlay
VA00495,VH00045,child_seat_avail,False
VA00496,VH00046,engine_cc,1200
VA00497,VH00046,abs,True
VA00498,VH00046,airbags,2
VA00499,VH00046,central_locking,True
VA00500,VH00046,reverse_camera,False
VA00501,VH00046,sunroof,False
VA00502,VH00046,push_start,False
VA00503,VH00046,heated_seats,False
VA00504,VH00046,leather_interior,False
VA00505,VH00046,infotainment,Apple CarPlay
VA00506,VH00046,child_seat_avail,False
VA00507,VH00047,engine_cc,1200
VA00508,VH00047,abs,False
VA00509,VH00047,airbags,2
VA00510,VH00047,central_locking,True
VA00511,VH00047,reverse_camera,True
VA00512,VH00047,sunroof,False
VA00513,VH00047,push_start,True
VA00514,VH00047,heated_seats,False
VA00515,VH00047,leather_interior,False
VA00516,VH00047,infotainment,None
VA00517,VH00047,child_seat_avail,False
VA00518,VH00048,engine_cc,1600
VA00519,VH00048,abs,False
VA00520,VH00048,airbags,2
VA00521,VH00048,central_locking,True
VA00522,VH00048,reverse_camera,False
VA00523,VH00048,sunroof,False
VA00524,VH00048,push_start,False
VA00525,VH00048,heated_seats,False
VA00526,VH00048,leather_interior,False
VA00527,VH00048,infotainment,None
VA00528,VH00048,child_seat_avail,False
VA00529,VH00049,engine_cc,1500
VA00530,VH00049,abs,True
VA00531,VH00049,airbags,4
VA00532,VH00049,central_locking,True
VA00533,VH00049,reverse_camera,True
VA00534,VH00049,sunroof,False
VA00535,VH00049,push_start,True
VA00536,VH00049,heated_seats,False
VA00537,VH00049,leather_interior,True
VA00538,VH00049,infotainment,None
VA00539,VH00049,child_seat_avail,False
VA00540,VH00050,engine_cc,2700
VA00541,VH00050,abs,True
VA00542,VH00050,airbags,2
VA00543,VH00050,central_locking,True
VA00544,VH00050,reverse_camera,False
VA00545,VH00050,sunroof,False
VA00546,VH00050,push_start,True
VA00547,VH00050,heated_seats,True
VA00548,VH00050,leather_interior,True
VA00549,VH00050,infotainment,None
VA00550,VH00050,child_seat_avail,False
VA00551,VH00051,engine_cc,2700
VA00552,VH00051,abs,True
VA00553,VH00051,airbags,4
VA00554,VH00051,central_locking,True
VA00555,VH00051,reverse_camera,False
VA00556,VH00051,sunroof,True
VA00557,VH00051,push_start,False
VA00558,VH00051,heated_seats,False
VA00559,VH00051,leather_interior,False
VA00560,VH00051,infotainment,Android
VA00561,VH00051,child_seat_avail,True
VA00562,VH00052,engine_cc,1200
VA00563,VH00052,abs,False
VA00564,VH00052,airbags,2
VA00565,VH00052,central_locking,True
VA00566,VH00052,reverse_camera,False
VA00567,VH00052,sunroof,False
VA00568,VH00052,push_start,True
VA00569,VH00052,heated_seats,False
VA00570,VH00052,leather_interior,False
VA00571,VH00052,infotainment,Android
VA00572,VH00052,child_seat_avail,False
VA00573,VH00053,engine_cc,1500
VA00574,VH00053,abs,False
VA00575,VH00053,airbags,6
VA00576,VH00053,central_locking,True
VA00577,VH00053,reverse_camera,False
VA00578,VH00053,sunroof,False
VA00579,VH00053,push_start,False
VA00580,VH00053,heated_seats,False
VA00581,VH00053,leather_interior,True
VA00582,VH00053,infotainment,None
VA00583,VH00053,child_seat_avail,False
VA00584,VH00054,engine_cc,660
VA00585,VH00054,abs,True
VA00586,VH00054,airbags,4
VA00587,VH00054,central_locking,True
VA00588,VH00054,reverse_camera,False
VA00589,VH00054,sunroof,True
VA00590,VH00054,push_start,False
VA00591,VH00054,heated_seats,True
VA00592,VH00054,leather_interior,False
VA00593,VH00054,infotainment,Apple CarPlay
VA00594,VH00054,child_seat_avail,False
VA00595,VH00055,engine_cc,1500
VA00596,VH00055,abs,True
VA00597,VH00055,airbags,4
VA00598,VH00055,central_locking,False
VA00599,VH00055,reverse_camera,True
VA00600,VH00055,sunroof,False
VA00601,VH00055,push_start,True
VA00602,VH00055,heated_seats,False
VA00603,VH00055,leather_interior,True
VA00604,VH00055,infotainment,Basic
VA00605,VH00055,child_seat_avail,False
VA00606,VH00056,engine_cc,4000
VA00607,VH00056,abs,True
VA00608,VH00056,airbags,2
VA00609,VH00056,central_locking,True
VA00610,VH00056,reverse_camera,True
VA00611,VH00056,sunroof,False
VA00612,VH00056,push_start,True
VA00613,VH00056,heated_seats,False
VA00614,VH00056,leather_interior,True
VA00615,VH00056,infotainment,Android
VA00616,VH00056,child_seat_avail,False
VA00617,VH00057,engine_cc,3000
VA00618,VH00057,abs,True
VA00619,VH00057,airbags,4
VA00620,VH00057,central_locking,True
VA00621,VH00057,reverse_camera,True
VA00622,VH00057,sunroof,False
VA00623,VH00057,push_start,True
VA00624,VH00057,heated_seats,True
VA00625,VH00057,leather_interior,False
VA00626,VH00057,infotainment,Apple CarPlay
VA00627,VH00057,child_seat_avail,False
VA00628,VH00058,engine_cc,2700
VA00629,VH00058,abs,True
VA00630,VH00058,airbags,0
VA00631,VH00058,central_locking,True
VA00632,VH00058,reverse_camera,True
VA00633,VH00058,sunroof,False
VA00634,VH00058,push_start,False
VA00635,VH00058,heated_seats,False
VA00636,VH00058,leather_interior,False
VA00637,VH00058,infotainment,Apple CarPlay
VA00638,VH00058,child_seat_avail,True
VA00639,VH00059,engine_cc,1200
VA00640,VH00059,abs,False
VA00641,VH00059,airbags,6
VA00642,VH00059,central_locking,True
VA00643,VH00059,reverse_camera,True
VA00644,VH00059,sunroof,False
VA00645,VH00059,push_start,True
VA00646,VH00059,heated_seats,False
VA00647,VH00059,leather_interior,True
VA00648,VH00059,infotainment,Apple CarPlay
VA00649,VH00059,child_seat_avail,False
VA00650,VH00060,engine_cc,4000
VA00651,VH00060,abs,True
VA00652,VH00060,airbags,0
VA00653,VH00060,central_locking,True
VA00654,VH00060,reverse_camera,True
VA00655,VH00060,sunroof,False
VA00656,VH00060,push_start,False
VA00657,VH00060,heated_seats,False
VA00658,VH00060,leather_interior,True
VA00659,VH00060,infotainment,Basic
VA00660,VH00060,child_seat_avail,True
VA00661,VH00061,engine_cc,1200
VA00662,VH00061,abs,True
VA00663,VH00061,airbags,4
VA00664,VH00061,central_locking,True
VA00665,VH00061,reverse_camera,False
VA00666,VH00061,sunroof,False
VA00667,VH00061,push_start,False
VA00668,VH00061,heated_seats,False
VA00669,VH00061,leather_interior,True
VA00670,VH00061,infotainment,Apple CarPlay
VA00671,VH00061,child_seat_avail,True
VA00672,VH00062,engine_cc,1600
VA00673,VH00062,abs,False
VA00674,VH00062,airbags,2
VA00675,VH00062,central_locking,True
VA00676,VH00062,reverse_camera,True
VA00677,VH00062,sunroof,False
VA00678,VH00062,push_start,True
VA00679,VH00062,heated_seats,False
VA00680,VH00062,leather_interior,True
VA00681,VH00062,infotainment,Apple CarPlay
VA00682,VH00062,child_seat_avail,False
VA00683,VH00063,engine_cc,1200
VA00684,VH00063,abs,True
VA00685,VH00063,airbags,6
VA00686,VH00063,central_locking,True
VA00687,VH00063,reverse_camera,True
VA00688,VH00063,sunroof,False
VA00689,VH00063,push_start,True
VA00690,VH00063,heated_seats,False
VA00691,VH00063,leather_interior,False
VA00692,VH00063,infotainment,None
VA00693,VH00063,child_seat_avail,False
VA00694,VH00064,engine_cc,3000
VA00695,VH00064,abs,True
VA00696,VH00064,airbags,2
VA00697,VH00064,central_locking,True
VA00698,VH00064,reverse_camera,True
VA00699,VH00064,sunroof,True
VA00700,VH00064,push_start,True
VA00701,VH00064,heated_seats,False
VA00702,VH00064,leather_interior,False
VA00703,VH00064,infotainment,Android
VA00704,VH00064,child_seat_avail,False
VA00705,VH00065,engine_cc,1500
VA00706,VH00065,abs,False
VA00707,VH00065,airbags,4
VA00708,VH00065,central_locking,True
VA00709,VH00065,reverse_camera,True
VA00710,VH00065,sunroof,False
VA00711,VH00065,push_start,True
VA00712,VH00065,heated_seats,False
VA00713,VH00065,leather_interior,False
VA00714,VH00065,infotainment,Apple CarPlay
VA00715,VH00065,child_seat_avail,False
VA00716,VH00066,engine_cc,4000
VA00717,VH00066,abs,False
VA00718,VH00066,airbags,0
VA00719,VH00066,central_locking,True
VA00720,VH00066,reverse_camera,True
VA00721,VH00066,sunroof,False
VA00722,VH00066,push_start,False
VA00723,VH00066,heated_seats,True
VA00724,VH00066,leather_interior,False
VA00725,VH00066,infotainment,Basic
VA00726,VH00066,child_seat_avail,False
VA00727,VH00067,engine_cc,660
VA00728,VH00067,abs,False
VA00729,VH00067,airbags,0
VA00730,VH00067,central_locking,True
VA00731,VH00067,reverse_camera,True
VA00732,VH00067,sunroof,True
VA00733,VH00067,push_start,False
VA00734,VH00067,heated_seats,False
VA00735,VH00067,leather_interior,True
VA00736,VH00067,infotainment,Apple CarPlay
VA00737,VH00067,child_seat_avail,True
VA00738,VH00068,engine_cc,1300
VA00739,VH00068,abs,False
VA00740,VH00068,airbags,0
VA00741,VH00068,central_locking,False
VA00742,VH00068,reverse_camera,True
VA00743,VH00068,sunroof,False
VA00744,VH00068,push_start,True
VA00745,VH00068,heated_seats,False
VA00746,VH00068,leather_interior,True
VA00747,VH00068,infotainment,Apple CarPlay
VA00748,VH00068,child_seat_avail,False
VA00749,VH00069,engine_cc,3000
VA00750,VH00069,abs,True
VA00751,VH00069,airbags,0
VA00752,VH00069,central_locking,True
VA00753,VH00069,reverse_camera,False
VA00754,VH00069,sunroof,True
VA00755,VH00069,push_start,False
VA00756,VH00069,heated_seats,False
VA00757,VH00069,leather_interior,False
VA00758,VH00069,infotainment,Android
VA00759,VH00069,child_seat_avail,False
VA00760,VH00070,engine_cc,1500
VA00761,VH00070,abs,True
VA00762,VH00070,airbags,6
VA00763,VH00070,central_locking,True
VA00764,VH00070,reverse_camera,True
VA00765,VH00070,sunroof,False
VA00766,VH00070,push_start,True
VA00767,VH00070,heated_seats,False
VA00768,VH00070,leather_interior,True
VA00769,VH00070,infotainment,Apple CarPlay
VA00770,VH00070,child_seat_avail,False
VA00771,VH00071,engine_cc,4000
VA00772,VH00071,abs,False
VA00773,VH00071,airbags,2
VA00774,VH00071,central_locking,True
VA00775,VH00071,reverse_camera,False
VA00776,VH00071,sunroof,False
VA00777,VH00071,push_start,False
VA00778,VH00071,heated_seats,True
VA00779,VH00071,leather_interior,False
VA00780,VH00071,infotainment,None
VA00781,VH00071,child_seat_avail,False
VA00782,VH00072,engine_cc,1600
VA00783,VH00072,abs,False
VA00784,VH00072,airbags,4
VA00785,VH00072,central_locking,True
VA00786,VH00072,reverse_camera,True
VA00787,VH00072,sunroof,False
VA00788,VH00072,push_start,False
VA00789,VH00072,heated_seats,True
VA00790,VH00072,leather_interior,False
VA00791,VH00072,infotainment,Apple CarPlay
VA00792,VH00072,child_seat_avail,False
VA00793,VH00073,engine_cc,660
VA00794,VH00073,abs,True
VA00795,VH00073,airbags,0
VA00796,VH00073,central_locking,False
VA00797,VH00073,reverse_camera,False
VA00798,VH00073,sunroof,False
VA00799,VH00073,push_start,True
VA00800,VH00073,heated_seats,False
VA00801,VH00073,leather_interior,True
VA00802,VH00073,infotainment,Basic
VA00803,VH00073,child_seat_avail,True
VA00804,VH00074,engine_cc,1200
VA00805,VH00074,abs,True
VA00806,VH00074,airbags,4
VA00807,VH00074,central_locking,True
VA00808,VH00074,reverse_camera,True
VA00809,VH00074,sunroof,False
VA00810,VH00074,push_start,True
VA00811,VH00074,heated_seats,False
VA00812,VH00074,leather_interior,False
VA00813,VH00074,infotainment,Basic
VA00814,VH00074,child_seat_avail,False
VA00815,VH00075,engine_cc,1300
VA00816,VH00075,abs,True
VA00817,VH00075,airbags,6
VA00818,VH00075,central_locking,True
VA00819,VH00075,reverse_camera,False
VA00820,VH00075,sunroof,False
VA00821,VH00075,push_start,True
VA00822,VH00075,heated_seats,False
VA00823,VH00075,leather_interior,False
VA00824,VH00075,infotainment,Basic
VA00825,VH00075,child_seat_avail,False
VA00826,VH00076,engine_cc,1000
VA00827,VH00076,abs,True
VA00828,VH00076,airbags,4
VA00829,VH00076,central_locking,True
VA00830,VH00076,reverse_camera,True
VA00831,VH00076,sunroof,False
VA00832,VH00076,push_start,True
VA00833,VH00076,heated_seats,False
VA00834,VH00076,leather_interior,False
VA00835,VH00076,infotainment,Apple CarPlay
VA00836,VH00076,child_seat_avail,False
VA00837,VH00077,engine_cc,2000
VA00838,VH00077,abs,True
VA00839,VH00077,airbags,0
VA00840,VH00077,central_locking,True
VA00841,VH00077,reverse_camera,False
VA00842,VH00077,sunroof,False
VA00843,VH00077,push_start,False
VA00844,VH00077,heated_seats,True
VA00845,VH00077,leather_interior,True
VA00846,VH00077,infotainment,Apple CarPlay
VA00847,VH00077,child_seat_avail,False
VA00848,VH00078,engine_cc,1500
VA00849,VH00078,abs,True
VA00850,VH00078,airbags,2
VA00851,VH00078,central_locking,True
VA00852,VH00078,reverse_camera,True
VA00853,VH00078,sunroof,False
VA00854,VH00078,push_start,True
VA00855,VH00078,heated_seats,True
VA00856,VH00078,leather_interior,True
VA00857,VH00078,infotainment,Basic
VA00858,VH00078,child_seat_avail,False
VA00859,VH00079,engine_cc,1500
VA00860,VH00079,abs,False
VA00861,VH00079,airbags,6
VA00862,VH00079,central_locking,False
VA00863,VH00079,reverse_camera,False
VA00864,VH00079,sunroof,False
VA00865,VH00079,push_start,True
VA00866,VH00079,heated_seats,False
VA00867,VH00079,leather_interior,False
VA00868,VH00079,infotainment,Basic
VA00869,VH00079,child_seat_avail,False
VA00870,VH00080,engine_cc,2700
VA00871,VH00080,abs,True
VA00872,VH00080,airbags,6
VA00873,VH00080,central_locking,True
VA00874,VH00080,reverse_camera,False
VA00875,VH00080,sunroof,False
VA00876,VH00080,push_start,False
VA00877,VH00080,heated_seats,False
VA00878,VH00080,leather_interior,False
VA00879,VH00080,infotainment,None
VA00880,VH00080,child_seat_avail,True
VA00881,VH00081,engine_cc,4000
VA00882,VH00081,abs,True
VA00883,VH00081,airbags,2
VA00884,VH00081,central_locking,True
VA00885,VH00081,reverse_camera,True
VA00886,VH00081,sunroof,True
VA00887,VH00081,push_start,True
VA00888,VH00081,heated_seats,False
VA00889,VH00081,leather_interior,True
VA00890,VH00081,infotainment,Basic
VA00891,VH00081,child_seat_avail,False
VA00892,VH00082,engine_cc,3000
VA00893,VH00082,abs,True
VA00894,VH00082,airbags,2
VA00895,VH00082,central_locking,True
VA00896,VH00082,reverse_camera,True
VA00897,VH00082,sunroof,False
VA00898,VH00082,push_start,False
VA00899,VH00082,heated_seats,False
VA00900,VH00082,leather_interior,True
VA00901,VH00082,infotainment,Apple CarPlay
VA00902,VH00082,child_seat_avail,False
VA00903,VH00083,engine_cc,2000
VA00904,VH00083,abs,True
VA00905,VH00083,airbags,0
VA00906,VH00083,central_locking,True
VA00907,VH00083,reverse_camera,False
VA00908,VH00083,sunroof,False
VA00909,VH00083,push_start,False
VA00910,VH00083,heated_seats,False
VA00911,VH00083,leather_interior,True
VA00912,VH00083,infotainment,None
VA00913,VH00083,child_seat_avail,False
VA00914,VH00084,engine_cc,1500
VA00915,VH00084,abs,True
VA00916,VH00084,airbags,4
VA00917,VH00084,central_locking,True
VA00918,VH00084,reverse_camera,False
VA00919,VH00084,sunroof,False
VA00920,VH00084,push_start,False
VA00921,VH00084,heated_seats,False
VA00922,VH00084,leather_interior,True
VA00923,VH00084,infotainment,Apple CarPlay
VA00924,VH00084,child_seat_avail,False
VA00925,VH00085,engine_cc,3000
VA00926,VH00085,abs,True
VA00927,VH00085,airbags,0
VA00928,VH00085,central_locking,True
VA00929,VH00085,reverse_camera,True
VA00930,VH00085,sunroof,False
VA00931,VH00085,push_start,True
VA00932,VH00085,heated_seats,False
VA00933,VH00085,leather_interior,False
VA00934,VH00085,infotainment,Apple CarPlay
VA00935,VH00085,child_seat_avail,False
VA00936,VH00086,engine_cc,1200
VA00937,VH00086,abs,False
VA00938,VH00086,airbags,2
VA00939,VH00086,central_locking,True
VA00940,VH00086,reverse_camera,True
VA00941,VH00086,sunroof,False
VA00942,VH00086,push_start,False
VA00943,VH00086,heated_seats,False
VA00944,VH00086,leather_interior,False
VA00945,VH00086,infotainment,Android
VA00946,VH00086,child_seat_avail,False
VA00947,VH00087,engine_cc,2700
VA00948,VH00087,abs,True
VA00949,VH00087,airbags,0
VA00950,VH00087,central_locking,True
VA00951,VH00087,reverse_camera,False
VA00952,VH00087,sunroof,False
VA00953,VH00087,push_start,False
VA00954,VH00087,heated_seats,False
VA00955,VH00087,leather_interior,False
VA00956,VH00087,infotainment,None
VA00957,VH00087,child_seat_avail,False
VA00958,VH00088,engine_cc,660
VA00959,VH00088,abs,True
VA00960,VH00088,airbags,6
VA00961,VH00088,central_locking,True
VA00962,VH00088,reverse_camera,False
VA00963,VH00088,sunroof,True
VA00964,VH00088,push_start,True
VA00965,VH00088,heated_seats,False
VA00966,VH00088,leather_interior,False
VA00967,VH00088,infotainment,Basic
VA00968,VH00088,child_seat_avail,False
VA00969,VH00089,engine_cc,3000
VA00970,VH00089,abs,True
VA00971,VH00089,airbags,0
VA00972,VH00089,central_locking,True
VA00973,VH00089,reverse_camera,True
VA00974,VH00089,sunroof,True
VA00975,VH00089,push_start,False
VA00976,VH00089,heated_seats,False
VA00977,VH00089,leather_interior,False
VA00978,VH00089,infotainment,Basic
VA00979,VH00089,child_seat_avail,False
VA00980,VH00090,engine_cc,4000
VA00981,VH00090,abs,True
VA00982,VH00090,airbags,2
VA00983,VH00090,central_locking,True
VA00984,VH00090,reverse_camera,True
VA00985,VH00090,sunroof,False
VA00986,VH00090,push_start,False
VA00987,VH00090,heated_seats,False
VA00988,VH00090,leather_interior,False
VA00989,VH00090,infotainment,Android
VA00990,VH00090,child_seat_avail,False
VA00991,VH00091,engine_cc,3000
VA00992,VH00091,abs,False
VA00993,VH00091,airbags,0
VA00994,VH00091,central_locking,False
VA00995,VH00091,reverse_camera,False
VA00996,VH00091,sunroof,True
VA00997,VH00091,push_start,False
VA00998,VH00091,heated_seats,False
VA00999,VH00091,leather_interior,False
VA01000,VH00091,infotainment,Basic
VA01001,VH00091,child_seat_avail,False
VA01002,VH00092,engine_cc,1000
VA01003,VH00092,abs,True
VA01004,VH00092,airbags,2
VA01005,VH00092,central_locking,False
VA01006,VH00092,reverse_camera,True
VA01007,VH00092,sunroof,False
VA01008,VH00092,push_start,False
VA01009,VH00092,heated_seats,False
VA01010,VH00092,leather_interior,False
VA01011,VH00092,infotainment,None
VA01012,VH00092,child_seat_avail,False
VA01013,VH00093,engine_cc,1200
VA01014,VH00093,abs,True
VA01015,VH00093,airbags,4
VA01016,VH00093,central_locking,True
VA01017,VH00093,reverse_camera,True
VA01018,VH00093,sunroof,False
VA01019,VH00093,push_start,True
VA01020,VH00093,heated_seats,False
VA01021,VH00093,leather_interior,False
VA01022,VH00093,infotainment,Android
VA01023,VH00093,child_seat_avail,False
VA01024,VH00094,engine_cc,2000
VA01025,VH00094,abs,False
VA01026,VH00094,airbags,2
VA01027,VH00094,central_locking,False
VA01028,VH00094,reverse_camera,False
VA01029,VH00094,sunroof,False
VA01030,VH00094,push_start,False
VA01031,VH00094,heated_seats,False
VA01032,VH00094,leather_interior,False
VA01033,VH00094,infotainment,Android
VA01034,VH00094,child_seat_avail,False
VA01035,VH00095,engine_cc,1600
VA01036,VH00095,abs,True
VA01037,VH00095,airbags,4
VA01038,VH00095,central_locking,True
VA01039,VH00095,reverse_camera,True
VA01040,VH00095,sunroof,False
VA01041,VH00095,push_start,False
VA01042,VH00095,heated_seats,False
VA01043,VH00095,leather_interior,False
VA01044,VH00095,infotainment,Basic
VA01045,VH00095,child_seat_avail,True
VA01046,VH00096,engine_cc,1500
VA01047,VH00096,abs,True
VA01048,VH00096,airbags,2
VA01049,VH00096,central_locking,False
VA01050,VH00096,reverse_camera,True
VA01051,VH00096,sunroof,False
VA01052,VH00096,push_start,True
VA01053,VH00096,heated_seats,False
VA01054,VH00096,leather_interior,True
VA01055,VH00096,infotainment,None
VA01056,VH00096,child_seat_avail,False
VA01057,VH00097,engine_cc,1200
VA01058,VH00097,abs,True
VA01059,VH00097,airbags,6
VA01060,VH00097,central_locking,True
VA01061,VH00097,reverse_camera,True
VA01062,VH00097,sunroof,False
VA01063,VH00097,push_start,False
VA01064,VH00097,heated_seats,False
VA01065,VH00097,leather_interior,True
VA01066,VH00097,infotainment,Android
VA01067,VH00097,child_seat_avail,False
VA01068,VH00098,engine_cc,1000
VA01069,VH00098,abs,True
VA01070,VH00098,airbags,2
VA01071,VH00098,central_locking,True
VA01072,VH00098,reverse_camera,True
VA01073,VH00098,sunroof,False
VA01074,VH00098,push_start,True
VA01075,VH00098,heated_seats,False
VA01076,VH00098,leather_interior,False
VA01077,VH00098,infotainment,None
VA01078,VH00098,child_seat_avail,False
VA01079,VH00099,engine_cc,1200
VA01080,VH00099,abs,True
VA01081,VH00099,airbags,2
VA01082,VH00099,central_locking,True
VA01083,VH00099,reverse_camera,True
VA01084,VH00099,sunroof,True
VA01085,VH00099,push_start,False
VA01086,VH00099,heated_seats,False
VA01087,VH00099,leather_interior,False
VA01088,VH00099,infotainment,Apple CarPlay
VA01089,VH00099,child_seat_avail,False
VA01090,VH00100,engine_cc,2000
VA01091,VH00100,abs,True
VA01092,VH00100,airbags,0
VA01093,VH00100,central_locking,True
VA01094,VH00100,reverse_camera,True
VA01095,VH00100,sunroof,False
VA01096,VH00100,push_start,False
VA01097,VH00100,heated_seats,True
VA01098,VH00100,leather_interior,False
VA01099,VH00100,infotainment,Android
VA01100,VH00100,child_seat_avail,False
VA01101,VH00101,engine_cc,1600
VA01102,VH00101,abs,False
VA01103,VH00101,airbags,2
VA01104,VH00101,central_locking,True
VA01105,VH00101,reverse_camera,True
VA01106,VH00101,sunroof,False
VA01107,VH00101,push_start,False
VA01108,VH00101,heated_seats,False
VA01109,VH00101,leather_interior,True
VA01110,VH00101,infotainment,Apple CarPlay
VA01111,VH00101,child_seat_avail,True
VA01112,VH00102,engine_cc,1600
VA01113,VH00102,abs,False
VA01114,VH00102,airbags,4
VA01115,VH00102,central_locking,True
VA01116,VH00102,reverse_camera,False
VA01117,VH00102,sunroof,False
VA01118,VH00102,push_start,True
VA01119,VH00102,heated_seats,False
VA01120,VH00102,leather_interior,False
VA01121,VH00102,infotainment,Apple CarPlay
VA01122,VH00102,child_seat_avail,False
VA01123,VH00103,engine_cc,1600
VA01124,VH00103,abs,False
VA01125,VH00103,airbags,2
VA01126,VH00103,central_locking,True
VA01127,VH00103,reverse_camera,True
VA01128,VH00103,sunroof,False
VA01129,VH00103,push_start,True
VA01130,VH00103,heated_seats,True
VA01131,VH00103,leather_interior,True
VA01132,VH00103,infotainment,Android
VA01133,VH00103,child_seat_avail,True
VA01134,VH00104,engine_cc,1000
VA01135,VH00104,abs,False
VA01136,VH00104,airbags,2
VA01137,VH00104,central_locking,True
VA01138,VH00104,reverse_camera,True
VA01139,VH00104,sunroof,False
VA01140,VH00104,push_start,True
VA01141,VH00104,heated_seats,False
VA01142,VH00104,leather_interior,False
VA01143,VH00104,infotainment,None
VA01144,VH00104,child_seat_avail,False
VA01145,VH00105,engine_cc,3000
VA01146,VH00105,abs,True
VA01147,VH00105,airbags,4
VA01148,VH00105,central_locking,True
VA01149,VH00105,reverse_camera,True
VA01150,VH00105,sunroof,False
VA01151,VH00105,push_start,True
VA01152,VH00105,heated_seats,False
VA01153,VH00105,leather_interior,True
VA01154,VH00105,infotainment,None
VA01155,VH00105,child_seat_avail,False
VA01156,VH00106,engine_cc,1600
VA01157,VH00106,abs,True
VA01158,VH00106,airbags,0
VA01159,VH00106,central_locking,True
VA01160,VH00106,reverse_camera,True
VA01161,VH00106,sunroof,True
VA01162,VH00106,push_start,True
VA01163,VH00106,heated_seats,True
VA01164,VH00106,leather_interior,False
VA01165,VH00106,infotainment,None
VA01166,VH00106,child_seat_avail,True
VA01167,VH00107,engine_cc,4000
VA01168,VH00107,abs,True
VA01169,VH00107,airbags,2
VA01170,VH00107,central_locking,True
VA01171,VH00107,reverse_camera,False
VA01172,VH00107,sunroof,True
VA01173,VH00107,push_start,False
VA01174,VH00107,heated_seats,False
VA01175,VH00107,leather_interior,False
VA01176,VH00107,infotainment,Basic
VA01177,VH00107,child_seat_avail,True
VA01178,VH00108,engine_cc,2000
VA01179,VH00108,abs,True
VA01180,VH00108,airbags,2
VA01181,VH00108,central_locking,True
VA01182,VH00108,reverse_camera,True
VA01183,VH00108,sunroof,False
VA01184,VH00108,push_start,False
VA01185,VH00108,heated_seats,False
VA01186,VH00108,leather_interior,False
VA01187,VH00108,infotainment,None
VA01188,VH00108,child_seat_avail,False
VA01189,VH00109,engine_cc,660
VA01190,VH00109,abs,True
VA01191,VH00109,airbags,4
VA01192,VH00109,central_locking,True
VA01193,VH00109,reverse_camera,False
VA01194,VH00109,sunroof,False
VA01195,VH00109,push_start,False
VA01196,VH00109,heated_seats,False
VA01197,VH00109,leather_interior,True
VA01198,VH00109,infotainment,Android
VA01199,VH00109,child_seat_avail,False
VA01200,VH00110,engine_cc,4000
VA01201,VH00110,abs,True
VA01202,VH00110,airbags,2
VA01203,VH00110,central_locking,True
VA01204,VH00110,reverse_camera,True
VA01205,VH00110,sunroof,True
VA01206,VH00110,push_start,True
VA01207,VH00110,heated_seats,True
VA01208,VH00110,leather_interior,False
VA01209,VH00110,infotainment,Basic
VA01210,VH00110,child_seat_avail,False
VA01211,VH00111,engine_cc,4000
VA01212,VH00111,abs,False
VA01213,VH00111,airbags,2
VA01214,VH00111,central_locking,True
VA01215,VH00111,reverse_camera,False
VA01216,VH00111,sunroof,False
VA01217,VH00111,push_start,True
VA01218,VH00111,heated_seats,False
VA01219,VH00111,leather_interior,True
VA01220,VH00111,infotainment,None
VA01221,VH00111,child_seat_avail,False
VA01222,VH00112,engine_cc,1600
VA01223,VH00112,abs,True
VA01224,VH00112,airbags,4
VA01225,VH00112,central_locking,True
VA01226,VH00112,reverse_camera,True
VA01227,VH00112,sunroof,True
VA01228,VH00112,push_start,False
VA01229,VH00112,heated_seats,False
VA01230,VH00112,leather_interior,False
VA01231,VH00112,infotainment,Android
VA01232,VH00112,child_seat_avail,False
VA01233,VH00113,engine_cc,4000
VA01234,VH00113,abs,False
VA01235,VH00113,airbags,4
VA01236,VH00113,central_locking,True
VA01237,VH00113,reverse_camera,True
VA01238,VH00113,sunroof,False
VA01239,VH00113,push_start,False
VA01240,VH00113,heated_seats,False
VA01241,VH00113,leather_interior,False
VA01242,VH00113,infotainment,Android
VA01243,VH00113,child_seat_avail,False
VA01244,VH00114,engine_cc,1000
VA01245,VH00114,abs,True
VA01246,VH00114,airbags,0
VA01247,VH00114,central_locking,True
VA01248,VH00114,reverse_camera,True
VA01249,VH00114,sunroof,True
VA01250,VH00114,push_start,False
VA01251,VH00114,heated_seats,False
VA01252,VH00114,leather_interior,False
VA01253,VH00114,infotainment,Basic
VA01254,VH00114,child_seat_avail,True
VA01255,VH00115,engine_cc,2700
VA01256,VH00115,abs,False
VA01257,VH00115,airbags,0
VA01258,VH00115,central_locking,True
VA01259,VH00115,reverse_camera,True
VA01260,VH00115,sunroof,False
VA01261,VH00115,push_start,True
VA01262,VH00115,heated_seats,False
VA01263,VH00115,leather_interior,True
VA01264,VH00115,infotainment,Basic
VA01265,VH00115,child_seat_avail,False
VA01266,VH00116,engine_cc,2000
VA01267,VH00116,abs,False
VA01268,VH00116,airbags,2
VA01269,VH00116,central_locking,True
VA01270,VH00116,reverse_camera,False
VA01271,VH00116,sunroof,False
VA01272,VH00116,push_start,True
VA01273,VH00116,heated_seats,False
VA01274,VH00116,leather_interior,False
VA01275,VH00116,infotainment,Apple CarPlay
VA01276,VH00116,child_seat_avail,True
VA01277,VH00117,engine_cc,2700
VA01278,VH00117,abs,True
VA01279,VH00117,airbags,4
VA01280,VH00117,central_locking,True
VA01281,VH00117,reverse_camera,True
VA01282,VH00117,sunroof,False
VA01283,VH00117,push_start,False
VA01284,VH00117,heated_seats,False
VA01285,VH00117,leather_interior,False
VA01286,VH00117,infotainment,Android
VA01287,VH00117,child_seat_avail,False
VA01288,VH00118,engine_cc,1300
VA01289,VH00118,abs,True
VA01290,VH00118,airbags,6
VA01291,VH00118,central_locking,True
VA01292,VH00118,reverse_camera,True
VA01293,VH00118,sunroof,False
VA01294,VH00118,push_start,False
VA01295,VH00118,heated_seats,False
VA01296,VH00118,leather_interior,False
VA01297,VH00118,infotainment,Basic
VA01298,VH00118,child_seat_avail,False
VA01299,VH00119,engine_cc,660
VA01300,VH00119,abs,True
VA01301,VH00119,airbags,2
VA01302,VH00119,central_locking,True
VA01303,VH00119,reverse_camera,True
VA01304,VH00119,sunroof,False
VA01305,VH00119,push_start,True
VA01306,VH00119,heated_seats,False
VA01307,VH00119,leather_interior,False
VA01308,VH00119,infotainment,None
VA01309,VH00119,child_seat_avail,False
VA01310,VH00120,engine_cc,1200
VA01311,VH00120,abs,True
VA01312,VH00120,airbags,4
VA01313,VH00120,central_locking,True
VA01314,VH00120,reverse_camera,False
VA01315,VH00120,sunroof,False
VA01316,VH00120,push_start,False
VA01317,VH00120,heated_seats,False
VA01318,VH00120,leather_interior,False
VA01319,VH00120,infotainment,Apple CarPlay
VA01320,VH00120,child_seat_avail,True
